"Raw88","Raw87","Raw86","Raw85","Raw84","Raw83","CycleSecs","distance","Sr88","Net87","Sr86","Rb85","Net84","Kr83","Sr8688","Sr8488","Sr8486","Rb85Sr88","MbFactor","Rb87","Sr87","Sr87Sr88","Net87Sr86","Sr87Sr86","totalSr","region","MA","MAp2SE","MAm2SE","Comment","TrimLeft","TrimRight","Sample_ID"
3.403809,0.2782227,0.3871354,-0.004621259,0.01774007,-0.005511514,139.8,0,3.4,0.28475,0.39523,0.00036,0.02235,0.00037,0.11548,0.00653,0.05654,0.00011,-1.45411,0.00014,0.28461,0.08316,0.72047,0.70767,4.12477,"none",0.70763,0.70777,0.70749,"Comment",500,-1,"fish1"
3.417706,0.2788678,0.3881767,-0.004463313,0.01776923,-0.006005401,140,2,3.4,0.2854,0.39627,0.00052,0.02237,-0.00012,0.11531,0.00651,0.05646,0.00015,-1.51597,0.00021,0.28519,0.08299,0.7202,0.70756,4.14032,"none",0.70768,0.70782,0.70754,"Comment",500,-1,"fish1"
3.37929,0.2756593,0.3834952,-0.004801961,0.01741927,-0.005876441,140.2,4,3.4,0.28219,0.39159,0.00018,0.02202,1e-05,0.11524,0.00648,0.05624,5e-05,-1.54393,7e-05,0.28212,0.08302,0.72062,0.70754,4.0938,"none",0.70773,0.70787,0.70759,"Comment",500,-1,"fish1"
3.050659,0.2476444,0.3443137,-0.004613802,0.01548295,-0.005730956,140.4,6,3.1,0.25417,0.35241,0.00037,0.02009,0.00015,0.11481,0.00654,0.057,0.00012,-1.70548,0.00015,0.25403,0.08276,0.72124,0.70757,3.69596,"none",0.70778,0.70791,0.70764,"Comment",500,-1,"fish1"
3.380273,0.2763082,0.3846922,-0.004694929,0.0174235,-0.005872183,140.6,8,3.4,0.28284,0.39279,0.00029,0.02203,1e-05,0.11556,0.00648,0.05608,8e-05,-1.42366,0.00011,0.28272,0.08318,0.72008,0.70767,4.09659,"none",0.70779,0.70793,0.70765,"Comment",500,-1,"fish1"
3.328265,0.2716144,0.3774359,-0.004700619,0.01737835,-0.005756078,140.8,10,3.3,0.27814,0.38553,0.00028,0.02198,0.00013,0.11519,0.00657,0.05702,8e-05,-1.56416,0.00011,0.27803,0.08307,0.72145,0.70779,4.03259,"none",0.70783,0.70797,0.70768,"Comment",500,-1,"fish1"
3.426305,0.2795771,0.3887645,-0.004636427,0.01773504,-0.006059404,141,12,3.4,0.28611,0.39686,0.00035,0.02234,-0.00018,0.1152,0.00648,0.05629,1e-04,-1.56023,0.00014,0.28597,0.08301,0.72092,0.70796,4.15025,"none",0.70789,0.70803,0.70774,"Comment",500,-1,"fish1"
3.335639,0.2721105,0.3778033,-0.004605203,0.01747107,-0.005604594,141.2,14,3.4,0.27864,0.3859,0.00038,0.02208,0.00028,0.11504,0.00658,0.05721,0.00011,-1.61849,0.00015,0.27849,0.08302,0.72205,0.70809,4.04088,"none",0.70795,0.70808,0.70782,"Comment",500,-1,"fish1"
3.287291,0.2677694,0.3722611,-0.004755026,0.0164784,-0.005875419,141.4,16,3.3,0.2743,0.38036,0.00023,0.02108,1e-05,0.11505,0.00638,0.05543,7e-05,-1.61622,9e-05,0.27421,0.08294,0.72116,0.70813,3.98172,"none",0.708,0.70811,0.7079,"Comment",500,-1,"fish1"
3.515392,0.2875723,0.3997187,-0.004783518,0.01844639,-0.005881051,141.6,18,3.5,0.2941,0.40781,2e-04,0.02305,0,0.11539,0.00652,0.05652,6e-05,-1.48634,8e-05,0.29402,0.08319,0.72116,0.70792,4.25906,"none",0.70808,0.70819,0.70797,"Comment",500,-1,"fish1"
3.424787,0.2795957,0.3881732,-0.004647008,0.01796153,-0.005811436,141.8,20,3.4,0.28613,0.39627,0.00034,0.02257,7e-05,0.11508,0.00655,0.05695,1e-04,-1.60596,0.00013,0.28599,0.08305,0.72205,0.70804,4.14839,"none",0.70813,0.70823,0.70803,"Comment",500,-1,"fish1"
3.308703,0.2692875,0.3746556,-0.00446838,0.01702539,-0.005953332,142,22,3.3,0.27582,0.38275,0.00051,0.02163,-7e-05,0.11503,0.0065,0.05651,0.00015,-1.62406,0.00021,0.27561,0.08283,0.72062,0.70815,4.00747,"none",0.70814,0.70823,0.70805,"Comment",500,-1,"fish1"
3.325427,0.2715925,0.3769938,-0.004691366,0.01711744,-0.005910556,142.2,24,3.3,0.27812,0.38509,0.00029,0.02172,-3e-05,0.11515,0.0065,0.05641,9e-05,-1.57718,0.00012,0.27801,0.08313,0.72223,0.70816,4.02902,"none",0.70813,0.70823,0.70803,"Comment",500,-1,"fish1"
3.321296,0.2709664,0.3765233,-0.004642684,0.01694177,-0.005712708,142.4,26,3.3,0.2775,0.38462,0.00034,0.02155,0.00017,0.11515,0.00645,0.05602,1e-04,-1.57659,0.00014,0.27736,0.08304,0.72148,0.70811,4.0236,"none",0.7081,0.70821,0.708,"Comment",500,-1,"fish1"
3.444785,0.2815547,0.3910694,-0.004754803,0.01811792,-0.005772247,142.6,28,3.5,0.28808,0.39917,0.00023,0.02272,0.00011,0.11525,0.00656,0.05693,7e-05,-1.54103,9e-05,0.28799,0.08315,0.72172,0.70847,4.17344,"none",0.70809,0.70821,0.70797,"Comment",500,-1,"fish1"
3.58011,0.2926973,0.4065858,-0.004338664,0.01894879,-0.005742568,142.8,30,3.6,0.29923,0.41468,0.00064,0.02355,0.00014,0.11523,0.00654,0.0568,0.00018,-1.54936,0.00026,0.29897,0.08307,0.72158,0.70827,4.33609,"none",0.70806,0.7082,0.70792,"Comment",500,-1,"fish1"
3.491033,0.2848992,0.3956377,-0.005064087,0.01809449,-0.005915905,143,32,3.5,0.29143,0.40373,-8e-05,0.0227,-3e-05,0.11503,0.00647,0.05622,-2e-05,-1.62307,-3e-05,0.29146,0.08304,0.72183,0.70806,4.2277,"none",0.70803,0.70817,0.70788,"Comment",500,-1,"fish1"
3.35961,0.2740542,0.3806487,-0.00441181,0.01751143,-0.005854476,143.2,34,3.4,0.28058,0.38874,0.00057,0.02212,3e-05,0.11507,0.00655,0.05689,0.00017,-1.60867,0.00023,0.28036,0.08298,0.72177,0.70795,4.0696,"none",0.70797,0.70814,0.70781,"Comment",500,-1,"fish1"
3.369693,0.2745898,0.3820665,-0.004569466,0.01755101,-0.00561882,143.4,36,3.4,0.28112,0.39016,0.00041,0.02216,0.00026,0.11514,0.00654,0.05679,0.00012,-1.57992,0.00017,0.28095,0.08291,0.72052,0.70791,4.08174,"none",0.70792,0.7081,0.70775,"Comment",500,-1,"fish1"
3.36984,0.2750534,0.3825186,-0.004931169,0.01721226,-0.005862805,143.6,38,3.4,0.28158,0.39061,5e-05,0.02182,2e-05,0.11527,0.00644,0.05585,2e-05,-1.5314,2e-05,0.28156,0.08309,0.72087,0.7078,4.08261,"none",0.70782,0.70797,0.70766,"Comment",500,-1,"fish1"
3.472239,0.2836569,0.394497,-0.004651302,0.0181525,-0.005821263,143.8,40,3.5,0.29019,0.40259,0.00033,0.02276,6e-05,0.11532,0.00652,0.05653,9e-05,-1.51252,0.00013,0.29005,0.08309,0.72079,0.70773,4.20642,"none",0.70773,0.70787,0.70758,"Comment",500,-1,"fish1"
3.417203,0.278892,0.3877948,-0.004797411,0.01785173,-0.005753321,144,42,3.4,0.28542,0.39589,0.00019,0.02246,0.00013,0.11522,0.00654,0.05673,5e-05,-1.55157,7e-05,0.28535,0.08305,0.72096,0.7078,4.13968,"none",0.70766,0.7078,0.70752,"Comment",500,-1,"fish1"
3.607771,0.294581,0.4099769,-0.004862982,0.01882763,-0.00591678,144.2,44,3.6,0.30111,0.41807,0.00012,0.02343,-3e-05,0.11528,0.00646,0.05605,3e-05,-1.52813,5e-05,0.30106,0.08302,0.72023,0.70765,4.36912,"none",0.70763,0.70775,0.70751,"Comment",500,-1,"fish1"
3.577951,0.292036,0.4063349,-0.004784476,0.01886364,-0.005790291,144.4,46,3.6,0.29857,0.41443,2e-04,0.02347,9e-05,0.11522,0.00653,0.05663,6e-05,-1.54959,8e-05,0.29849,0.08299,0.72042,0.70761,4.33311,"none",0.70761,0.70771,0.7075,"Comment",500,-1,"fish1"
3.458376,0.2819621,0.3919551,-0.004577011,0.01787805,-0.005829139,144.6,48,3.5,0.28849,0.40005,0.00041,0.02248,5e-05,0.11505,0.00647,0.0562,0.00012,-1.61503,0.00016,0.28833,0.08292,0.72114,0.7074,4.18802,"none",0.70759,0.70769,0.70749,"Comment",500,-1,"fish1"
3.377259,0.2756386,0.3833559,-0.004590377,0.0175742,-0.00578978,144.8,50,3.4,0.28217,0.39145,0.00039,0.02218,9e-05,0.11527,0.00653,0.05666,0.00012,-1.53339,0.00016,0.28201,0.08304,0.72082,0.70734,4.09168,"none",0.70759,0.70769,0.70749,"Comment",500,-1,"fish1"
3.3484,0.2726607,0.3794377,-0.004683489,0.01723611,-0.005995214,145,52,3.4,0.27919,0.38753,3e-04,0.02184,-0.00011,0.11509,0.00649,0.05636,9e-05,-1.59981,0.00012,0.27907,0.08288,0.72043,0.70741,4.05562,"none",0.70759,0.70769,0.70749,"Comment",500,-1,"fish1"
3.542563,0.2888123,0.4018255,-0.004900077,0.01852995,-0.005801521,145.4,56,3.6,0.29534,0.40992,8e-05,0.02314,8e-05,0.1151,0.0065,0.05644,2e-05,-1.59542,3e-05,0.29531,0.08292,0.72048,0.70765,4.28971,"none",0.70758,0.70767,0.70748,"Comment",500,-1,"fish1"
3.331064,0.2714434,0.3769447,-0.004523873,0.01732545,-0.005799372,145.6,58,3.3,0.27797,0.38504,0.00046,0.02193,8e-05,0.11494,0.00655,0.05696,0.00014,-1.65604,0.00018,0.27779,0.08293,0.72193,0.70766,4.0346,"none",0.70757,0.70767,0.70747,"Comment",500,-1,"fish1"
3.374449,0.2756768,0.3828155,-0.004563986,0.01749816,-0.005781042,145.8,60,3.4,0.28221,0.39091,0.00042,0.0221,1e-04,0.1152,0.00651,0.05654,0.00012,-1.55749,0.00017,0.28204,0.08312,0.72192,0.70764,4.08828,"none",0.70762,0.70772,0.70751,"Comment",500,-1,"fish1"
3.477209,0.2839435,0.3950597,-0.004783184,0.01819508,-0.005642459,146,62,3.5,0.29047,0.40316,2e-04,0.0228,0.00024,0.11532,0.00652,0.05655,6e-05,-1.51365,8e-05,0.29039,0.08306,0.7205,0.70775,4.21234,"none",0.70765,0.70774,0.70756,"Comment",500,-1,"fish1"
3.493385,0.2845058,0.3958791,-0.00475758,0.01822842,-0.005715271,146.4,66,3.5,0.29104,0.40398,0.00023,0.02283,0.00017,0.11502,0.0065,0.05652,6e-05,-1.62621,9e-05,0.29095,0.08284,0.72043,0.7078,4.22992,"none",0.70766,0.70774,0.70759,"Comment",500,-1,"fish1"
3.465721,0.2828974,0.3931503,-0.004500862,0.01811044,-0.005844173,146.6,68,3.5,0.28943,0.40125,0.00048,0.02272,4e-05,0.11515,0.00652,0.05661,0.00014,-1.57702,0.00019,0.28923,0.08301,0.72132,0.7075,4.19769,"none",0.70767,0.70775,0.7076,"Comment",500,-1,"fish1"
3.57991,0.2925962,0.4067033,-0.004523699,0.01884341,-0.005802001,146.8,70,3.6,0.29913,0.4148,0.00046,0.02345,8e-05,0.11526,0.00652,0.05653,0.00013,-1.53461,0.00018,0.29894,0.08307,0.72113,0.70755,4.33588,"none",0.70767,0.70774,0.70759,"Comment",500,-1,"fish1"
3.466307,0.2824582,0.3928314,-0.004666908,0.01792141,-0.005980439,147,72,3.5,0.28899,0.40093,0.00032,0.02253,-1e-04,0.11504,0.00646,0.05619,9e-05,-1.61895,0.00013,0.28886,0.08289,0.7208,0.70787,4.1974,"none",0.70765,0.70774,0.70756,"Comment",500,-1,"fish1"
3.625187,0.2963318,0.4120315,-0.004724417,0.01927906,-0.005602488,147.2,74,3.6,0.30286,0.42013,0.00026,0.02388,0.00028,0.11529,0.00655,0.05685,7e-05,-1.52328,1e-04,0.30276,0.08308,0.72088,0.70767,4.39073,"none",0.70764,0.70773,0.70755,"Comment",500,-1,"fish1"
3.657434,0.2989105,0.4150928,-0.00472706,0.01925998,-0.005885608,147.4,76,3.7,0.30544,0.42319,0.00026,0.02387,0,0.11512,0.00649,0.05639,7e-05,-1.59076,1e-04,0.30534,0.08306,0.72176,0.70754,4.4286,"none",0.70764,0.70773,0.70755,"Comment",500,-1,"fish1"
3.58966,0.2928862,0.4075634,-0.004355604,0.01910873,-0.005937811,147.6,78,3.6,0.29942,0.41566,0.00063,0.02371,-5e-05,0.11519,0.00657,0.05705,0.00017,-1.56222,0.00025,0.29917,0.08291,0.72034,0.70774,4.34698,"none",0.70765,0.70774,0.70757,"Comment",500,-1,"fish1"
3.513574,0.2866642,0.3989507,-0.004778214,0.01812193,-0.005728252,147.8,80,3.5,0.29319,0.40705,2e-04,0.02273,0.00015,0.11523,0.00643,0.05583,6e-05,-1.54599,8e-05,0.29311,0.08298,0.72029,0.70763,4.25524,"none",0.70768,0.70776,0.7076,"Comment",500,-1,"fish1"
3.605444,0.2946868,0.4097074,-0.004746469,0.01888299,-0.005805427,148.2,84,3.6,0.30122,0.4178,0.00024,0.02349,8e-05,0.11528,0.00648,0.05622,7e-05,-1.52826,9e-05,0.30112,0.08309,0.72095,0.70743,4.36663,"none",0.70769,0.70779,0.70759,"Comment",500,-1,"fish1"
3.498281,0.2853696,0.3967178,-0.004609241,0.01826956,-0.005831995,148.4,86,3.5,0.2919,0.40481,0.00037,0.02287,5e-05,0.1151,0.0065,0.05651,0.00011,-1.59657,0.00015,0.29175,0.08295,0.72107,0.70767,4.2365,"none",0.70773,0.70785,0.70761,"Comment",500,-1,"fish1"
3.432543,0.27987,0.3889418,-0.004374806,0.01790746,-0.00595581,148.6,88,3.5,0.2864,0.39704,0.00061,0.02251,-7e-05,0.11504,0.00652,0.0567,0.00018,-1.61954,0.00024,0.28616,0.08291,0.72134,0.7078,4.15703,"none",0.70777,0.7079,0.70765,"Comment",500,-1,"fish1"
3.533864,0.2886807,0.4012103,-0.004655377,0.01839796,-0.005599541,148.8,90,3.6,0.29521,0.40931,0.00033,0.023,0.00028,0.11521,0.00647,0.0562,9e-05,-1.55434,0.00013,0.29508,0.08306,0.72124,0.70765,4.28003,"none",0.70782,0.70798,0.70767,"Comment",500,-1,"fish1"
3.400468,0.2774272,0.3857484,-0.004885356,0.01781347,-0.005948497,149,92,3.4,0.28396,0.39384,1e-04,0.02242,-7e-05,0.11518,0.00656,0.05692,3e-05,-1.56463,4e-05,0.28392,0.08304,0.72099,0.7078,4.11943,"none",0.70786,0.70801,0.70771,"Comment",500,-1,"fish1"
3.47364,0.2835339,0.394395,-0.004378495,0.01808202,-0.005498966,149.2,94,3.5,0.29006,0.40249,6e-04,0.02269,0.00038,0.11525,0.0065,0.05637,0.00017,-1.54101,0.00024,0.28982,0.08299,0.72067,0.70799,4.20742,"none",0.70789,0.70801,0.70777,"Comment",500,-1,"fish1"
3.592396,0.2937785,0.40835,-0.004607496,0.01903486,-0.005938735,149.4,96,3.6,0.30031,0.41645,0.00038,0.02364,-6e-05,0.11532,0.00655,0.05677,1e-04,-1.51292,0.00015,0.30016,0.08312,0.72112,0.70804,4.35142,"none",0.70789,0.70801,0.70777,"Comment",500,-1,"fish1"
3.492351,0.2851675,0.3958099,-0.00450078,0.01818064,-0.005917021,149.6,98,3.5,0.2917,0.40391,0.00048,0.02279,-3e-05,0.11504,0.00649,0.05641,0.00014,-1.62085,0.00019,0.2915,0.08302,0.72219,0.708,4.22932,"none",0.70788,0.70801,0.70776,"Comment",500,-1,"fish1"
3.510217,0.286686,0.3982441,-0.004791471,0.01836272,-0.005795326,149.8,100,3.5,0.29322,0.40634,0.00019,0.02297,9e-05,0.11514,0.00651,0.05652,5e-05,-1.58024,8e-05,0.29314,0.08307,0.7216,0.70824,4.25144,"none",0.70788,0.70801,0.70775,"Comment",500,-1,"fish1"
3.571927,0.2916204,0.4055723,-0.004847331,0.01844494,-0.005987703,150,102,3.6,0.29815,0.41367,0.00014,0.02305,-1e-04,0.11521,0.00642,0.05572,4e-05,-1.55679,5e-05,0.2981,0.08302,0.72075,0.70797,4.32552,"none",0.70788,0.708,0.70775,"Comment",500,-1,"fish1"
3.722599,0.3045177,0.4229036,-0.004732754,0.01979996,-0.005533781,150.2,104,3.7,0.31105,0.431,0.00025,0.02441,0.00035,0.1152,0.00652,0.05662,7e-05,-1.55951,1e-04,0.31095,0.08311,0.72169,0.70774,4.50773,"none",0.70786,0.70799,0.70773,"Comment",500,-1,"fish1"
3.53836,0.288429,0.401352,-0.004641362,0.01837335,-0.006000911,150.4,106,3.6,0.29496,0.40945,0.00034,0.02298,-0.00012,0.11511,0.00646,0.05612,1e-04,-1.59433,0.00014,0.29482,0.08288,0.72038,0.70769,4.28439,"none",0.70784,0.70796,0.70772,"Comment",500,-1,"fish1"
3.413502,0.278272,0.3870214,-0.004487518,0.01760902,-0.005506159,150.6,108,3.4,0.2848,0.39512,5e-04,0.02221,0.00038,0.11512,0.00647,0.05622,0.00014,-1.58978,2e-04,0.2846,0.08292,0.7208,0.70771,4.13421,"none",0.70783,0.70795,0.70772,"Comment",500,-1,"fish1"
3.595557,0.2939908,0.4090153,-0.004799855,0.01884507,-0.005867658,150.8,110,3.6,0.30052,0.41711,0.00018,0.02345,2e-05,0.1154,0.00649,0.05622,5e-05,-1.48152,7e-05,0.30045,0.08313,0.72048,0.70759,4.35534,"none",0.7078,0.70787,0.70772,"Comment",500,-1,"fish1"
3.740056,0.3056942,0.425012,-0.004769005,0.01979253,-0.005821668,151,112,3.8,0.31222,0.43311,0.00021,0.0244,6e-05,0.11522,0.00649,0.05633,6e-05,-1.54972,9e-05,0.31214,0.08304,0.72089,0.70778,4.52848,"none",0.70778,0.70784,0.70771,"Comment",500,-1,"fish1"
3.493188,0.2849894,0.3957907,-0.004624204,0.01818653,-0.005813574,151.2,114,3.5,0.29152,0.40389,0.00036,0.02279,7e-05,0.115,0.00649,0.05643,1e-04,-1.6333,0.00014,0.29138,0.08297,0.72178,0.70784,4.23002,"none",0.70777,0.70784,0.70771,"Comment",500,-1,"fish1"
3.497697,0.2854651,0.3968478,-0.004795907,0.01826766,-0.005865376,151.6,118,3.5,0.29199,0.40494,0.00019,0.02287,2e-05,0.11516,0.0065,0.05648,5e-05,-1.57537,7e-05,0.29192,0.08301,0.72107,0.70781,4.23621,"none",0.70777,0.70784,0.7077,"Comment",500,-1,"fish1"
3.465168,0.282562,0.3928365,-0.004615935,0.01800335,-0.005784857,151.8,120,3.5,0.28909,0.40093,0.00037,0.02261,1e-04,0.11508,0.00649,0.05639,0.00011,-1.60417,0.00015,0.28894,0.08294,0.72105,0.70795,4.19643,"none",0.70775,0.70784,0.70767,"Comment",500,-1,"fish1"
3.572201,0.2920628,0.4062375,-0.004567965,0.01874008,-0.005779164,152,122,3.6,0.29859,0.41433,0.00041,0.02335,1e-04,0.11538,0.0065,0.05634,0.00012,-1.49017,0.00017,0.29843,0.0831,0.72066,0.70787,4.32708,"none",0.70777,0.70784,0.70769,"Comment",500,-1,"fish1"
3.699766,0.3026935,0.4204248,-0.004684743,0.01969015,-0.005845098,152.2,124,3.7,0.30922,0.42852,3e-04,0.0243,4e-05,0.11524,0.00653,0.0567,8e-05,-1.54412,0.00012,0.3091,0.08312,0.7216,0.7078,4.48046,"none",0.70777,0.70785,0.7077,"Comment",500,-1,"fish1"
3.744225,0.3058569,0.4253334,-0.004728456,0.01981903,-0.005694888,152.4,126,3.8,0.31239,0.43343,0.00025,0.02442,0.00019,0.11518,0.00649,0.05635,7e-05,-1.56569,1e-04,0.31228,0.08299,0.72073,0.7077,4.53314,"none",0.70781,0.70793,0.70769,"Comment",500,-1,"fish1"
3.737638,0.3053634,0.4247942,-0.004706743,0.01973384,-0.00600701,152.6,128,3.8,0.31189,0.43289,0.00028,0.02434,-0.00012,0.11524,0.00648,0.05622,7e-05,-1.54361,0.00011,0.31178,0.083,0.72049,0.70766,4.52543,"none",0.70784,0.70798,0.70771,"Comment",500,-1,"fish1"
3.526031,0.2871566,0.3994568,-0.004916387,0.01840175,-0.005891606,152.8,130,3.5,0.29369,0.40755,7e-05,0.02301,-1e-05,0.11497,0.00649,0.05645,2e-05,-1.64515,3e-05,0.29366,0.08284,0.72061,0.70754,4.26903,"none",0.70784,0.70797,0.70771,"Comment",500,-1,"fish1"
3.394509,0.2769393,0.3848015,-0.004402698,0.01780239,-0.005777678,153,132,3.4,0.28347,0.3929,0.00058,0.02241,0.00011,0.11511,0.00656,0.05703,0.00017,-1.59348,0.00023,0.28324,0.08298,0.72148,0.70771,4.11183,"none",0.70782,0.70795,0.70769,"Comment",500,-1,"fish1"
3.349131,0.273161,0.3797247,-0.004815865,0.01726818,-0.005976973,153.2,134,3.4,0.27969,0.38782,0.00017,0.02187,-9e-05,0.11515,0.00649,0.0564,5e-05,-1.57703,7e-05,0.27962,0.08303,0.72118,0.70785,4.05723,"none",0.7078,0.70794,0.70766,"Comment",500,-1,"fish1"
3.504672,0.2866349,0.3982798,-0.004450757,0.01845008,-0.0056548,153.4,136,3.5,0.29316,0.40638,0.00053,0.02306,0.00023,0.11533,0.00654,0.05673,0.00015,-1.50796,0.00021,0.29295,0.08314,0.72141,0.70822,4.24583,"none",0.70777,0.70793,0.70761,"Comment",500,-1,"fish1"
3.371079,0.274725,0.3815498,-0.005026993,0.01732822,-0.005773258,153.6,138,3.4,0.28125,0.38965,-4e-05,0.02193,0.00011,0.11494,0.00647,0.05629,-1e-05,-1.65541,-2e-05,0.28127,0.08297,0.72182,0.70814,4.08271,"none",0.70773,0.70792,0.70754,"Comment",500,-1,"fish1"
3.585592,0.2933218,0.4075781,-0.004919689,0.01903349,-0.005788604,154,142,3.6,0.29985,0.41567,6e-05,0.02364,9e-05,0.11533,0.00656,0.05687,2e-05,-1.51158,3e-05,0.29983,0.08318,0.72136,0.70788,4.34351,"none",0.70772,0.70791,0.70752,"Comment",500,-1,"fish1"
3.600058,0.2939308,0.4088702,-0.004498235,0.01892455,-0.005896387,154.2,144,3.6,0.30046,0.41697,0.00048,0.02353,-1e-05,0.11522,0.0065,0.05643,0.00013,-1.55084,0.00019,0.30027,0.08297,0.72059,0.7077,4.3596,"none",0.7077,0.7079,0.7075,"Comment",500,-1,"fish1"
3.32877,0.2706216,0.3764327,-0.004810747,0.01722298,-0.005774081,154.4,146,3.3,0.27715,0.38453,0.00017,0.02183,0.00011,0.11487,0.00652,0.05677,5e-05,-1.68415,7e-05,0.27708,0.08277,0.72075,0.70759,4.03099,"none",0.70767,0.70787,0.70747,"Comment",500,-1,"fish1"
3.475802,0.2838406,0.3949526,-0.004542273,0.01821865,-0.005881975,154.6,148,3.5,0.29037,0.40305,0.00044,0.02282,0,0.11534,0.00653,0.05663,0.00013,-1.50769,0.00018,0.29019,0.08304,0.72043,0.7074,4.21065,"none",0.70762,0.70778,0.70746,"Comment",500,-1,"fish1"
3.477261,0.2836225,0.394656,-0.005039058,0.01816238,-0.005778584,154.8,150,3.5,0.29015,0.40275,-6e-05,0.02277,1e-04,0.1152,0.00651,0.05653,-2e-05,-1.5579,-2e-05,0.29017,0.083,0.72042,0.70727,4.21173,"none",0.70762,0.70776,0.70747,"Comment",500,-1,"fish1"
3.470444,0.2832465,0.3938639,-0.004797674,0.01803864,-0.005982429,155,152,3.5,0.28978,0.40196,0.00019,0.02264,-1e-04,0.1152,0.00649,0.05633,5e-05,-1.55864,7e-05,0.2897,0.08303,0.72091,0.7074,4.20353,"none",0.70763,0.70779,0.70747,"Comment",500,-1,"fish1"
3.307561,0.2691793,0.3743758,-0.00436734,0.01706022,-0.005628986,155.2,154,3.3,0.27571,0.38247,0.00062,0.02167,0.00025,0.11498,0.00651,0.05665,0.00019,-1.64095,0.00025,0.27546,0.08281,0.72086,0.70755,4.00594,"none",0.70764,0.70781,0.70748,"Comment",500,-1,"fish1"
3.295822,0.2684519,0.3733699,-0.004675982,0.01711539,-0.005761936,155.4,156,3.3,0.27498,0.38147,0.00031,0.02172,0.00012,0.11509,0.00655,0.05694,9e-05,-1.60169,0.00012,0.27486,0.08292,0.72085,0.70758,3.99264,"none",0.70766,0.70783,0.70749,"Comment",500,-1,"fish1"
3.413279,0.278884,0.3875288,-0.004558695,0.01768863,-0.005885544,155.6,158,3.4,0.28541,0.39562,0.00042,0.02229,0,0.11527,0.0065,0.05635,0.00012,-1.53108,0.00017,0.28524,0.08311,0.72142,0.70772,4.13522,"none",0.70769,0.70785,0.70753,"Comment",500,-1,"fish1"
3.4496,0.2815112,0.3916597,-0.004890972,0.01796493,-0.005787166,155.8,160,3.5,0.28804,0.39976,9e-05,0.02257,1e-04,0.11526,0.00651,0.05646,3e-05,-1.53718,4e-05,0.288,0.08304,0.72054,0.70806,4.17871,"none",0.70774,0.70786,0.70761,"Comment",500,-1,"fish1"
3.280816,0.267448,0.3712102,-0.004888392,0.01685868,-0.005826547,156,162,3.3,0.27398,0.37931,9e-05,0.02146,6e-05,0.11496,0.00651,0.05659,3e-05,-1.65132,4e-05,0.27394,0.08302,0.72231,0.70799,3.9743,"none",0.7078,0.70791,0.70768,"Comment",500,-1,"fish1"
3.5808,0.2928945,0.4072351,-0.004719723,0.01886076,-0.006019108,156.2,164,3.6,0.29942,0.41533,0.00026,0.02347,-0.00014,0.11538,0.00652,0.0565,7e-05,-1.4896,1e-04,0.29932,0.08315,0.72093,0.70786,4.33769,"none",0.70785,0.70796,0.70774,"Comment",500,-1,"fish1"
3.508546,0.285939,0.3981469,-0.004948311,0.01838789,-0.005850573,156.4,166,3.5,0.29247,0.40624,3e-05,0.02299,3e-05,0.11517,0.00652,0.0566,1e-05,-1.57003,1e-05,0.29245,0.08291,0.71993,0.7078,4.24901,"none",0.70791,0.70802,0.7078,"Comment",500,-1,"fish1"
3.343623,0.272472,0.3785401,-0.004606994,0.01725423,-0.005930338,156.6,168,3.4,0.279,0.38664,0.00038,0.02186,-5e-05,0.11499,0.0065,0.05654,0.00011,-1.63895,0.00015,0.27885,0.08293,0.72161,0.70767,4.04975,"none",0.70797,0.7081,0.70784,"Comment",500,-1,"fish1"
3.200604,0.2605897,0.3624528,-0.004766774,0.01612412,-0.005882232,156.8,170,3.2,0.26712,0.37055,0.00022,0.02073,0,0.1151,0.00644,0.05594,7e-05,-1.59685,9e-05,0.26703,0.08295,0.72087,0.70774,3.87769,"none",0.70795,0.70809,0.70782,"Comment",500,-1,"fish1"
3.245925,0.2647206,0.3680366,-0.004594293,0.01660873,-0.005817435,157,172,3.3,0.27125,0.37613,0.00039,0.02121,7e-05,0.11521,0.0065,0.0564,0.00012,-1.55431,0.00016,0.27109,0.08304,0.72115,0.70799,3.93314,"none",0.70792,0.70807,0.70778,"Comment",500,-1,"fish1"
3.401159,0.2778847,0.3861522,-0.004936717,0.01760321,-0.006053248,157.2,174,3.4,0.28441,0.39425,5e-05,0.02221,-0.00017,0.11528,0.00649,0.05633,1e-05,-1.52882,2e-05,0.2844,0.08316,0.72141,0.70808,4.12079,"none",0.70789,0.70805,0.70773,"Comment",500,-1,"fish1"
3.599013,0.294306,0.4090159,-0.004544927,0.01896341,-0.005876304,157.4,176,3.6,0.30084,0.41711,0.00044,0.02357,1e-05,0.11529,0.00651,0.0565,0.00012,-1.52306,0.00017,0.30066,0.08311,0.72123,0.70817,4.35913,"none",0.70788,0.70805,0.70772,"Comment",500,-1,"fish1"
3.510312,0.2864253,0.3978041,-0.00479482,0.01851584,-0.005696435,157.6,178,3.5,0.29295,0.4059,0.00019,0.02312,0.00019,0.11502,0.00655,0.05696,5e-05,-1.62857,8e-05,0.29288,0.08299,0.72174,0.70835,4.25099,"none",0.70786,0.70804,0.70768,"Comment",500,-1,"fish1"
3.514439,0.2870018,0.3987314,-0.004417034,0.01852549,-0.005848263,157.8,180,3.5,0.29353,0.40683,0.00057,0.02313,3e-05,0.11514,0.00655,0.05686,0.00016,-1.58011,0.00023,0.29331,0.08301,0.72151,0.70792,4.25648,"none",0.70786,0.70804,0.70767,"Comment",500,-1,"fish1"
3.666539,0.3000098,0.4167171,-0.004889428,0.01929031,-0.005913383,158,182,3.7,0.30654,0.42481,9e-05,0.0239,-3e-05,0.11527,0.00648,0.05625,3e-05,-1.53168,4e-05,0.3065,0.08317,0.72159,0.70765,4.44053,"none",0.70783,0.70801,0.70764,"Comment",500,-1,"fish1"
3.354275,0.2728583,0.3796513,-0.004650456,0.01735049,-0.005827087,158.2,184,3.4,0.27939,0.38775,0.00033,0.02196,6e-05,0.11495,0.00651,0.05662,1e-04,-1.6517,0.00013,0.27925,0.08279,0.72054,0.70753,4.06201,"none",0.7078,0.70798,0.70762,"Comment",500,-1,"fish1"
3.123917,0.2536812,0.3529079,-0.00497977,0.0157866,-0.005870277,158.4,186,3.1,0.26021,0.361,0,0.02039,1e-05,0.11487,0.00649,0.05649,0,-1.68337,0,0.26021,0.0828,0.7208,0.70774,3.7843,"none",0.70775,0.70791,0.70759,"Comment",500,-1,"fish1"
3.37861,0.2756279,0.3834917,-0.004606855,0.01739439,-0.005735709,158.6,188,3.4,0.28216,0.39159,0.00038,0.022,0.00015,0.11526,0.00648,0.05618,0.00011,-1.53561,0.00015,0.28201,0.08301,0.72055,0.70743,4.09298,"none",0.70766,0.70775,0.70757,"Comment",500,-1,"fish1"
3.510441,0.2870992,0.3988043,-0.004877741,0.01846216,-0.005869738,158.8,190,3.5,0.29363,0.4069,0.00011,0.02307,1e-05,0.11529,0.00654,0.05669,3e-05,-1.52303,4e-05,0.29359,0.08319,0.72162,0.70773,4.25277,"none",0.70761,0.7077,0.70752,"Comment",500,-1,"fish1"
3.567948,0.2910984,0.404825,-0.004578767,0.01865724,-0.006004776,159,192,3.6,0.29763,0.41292,4e-04,0.02326,-0.00012,0.11512,0.00649,0.05634,0.00011,-1.58724,0.00016,0.29747,0.08294,0.72079,0.70768,4.32038,"none",0.70759,0.70769,0.7075,"Comment",500,-1,"fish1"
3.623905,0.2961338,0.4116826,-0.004824833,0.01908917,-0.005882848,159.2,194,3.6,0.30266,0.41978,0.00016,0.02369,0,0.11524,0.0065,0.05645,4e-05,-1.54413,6e-05,0.3026,0.08307,0.72101,0.70779,4.38876,"none",0.7076,0.70769,0.70751,"Comment",500,-1,"fish1"
3.322653,0.2703025,0.3762972,-0.004778194,0.01721107,-0.005837685,159.4,196,3.3,0.27683,0.38439,2e-04,0.02182,5e-05,0.11504,0.00653,0.05676,6e-05,-1.61987,8e-05,0.27675,0.08282,0.72018,0.70763,4.02439,"none",0.70761,0.7077,0.70751,"Comment",500,-1,"fish1"
3.29872,0.268818,0.3734028,-0.004839233,0.01686608,-0.005834887,159.6,198,3.3,0.27535,0.3815,0.00014,0.02147,5e-05,0.115,0.00647,0.05628,4e-05,-1.63598,6e-05,0.27529,0.08298,0.72175,0.70751,3.99576,"none",0.70766,0.70776,0.70755,"Comment",500,-1,"fish1"
3.318241,0.2708167,0.3762601,-0.004488198,0.01725371,-0.005642728,159.8,200,3.3,0.27735,0.38436,0.00049,0.02186,0.00024,0.11518,0.00655,0.05687,0.00015,-1.56656,2e-04,0.27715,0.08305,0.72159,0.70736,4.02038,"none",0.70767,0.70778,0.70756,"Comment",500,-1,"fish1"
3.134193,0.2546031,0.3542688,-0.00475501,0.01598858,-0.00589776,160,202,3.2,0.26113,0.36236,0.00023,0.02059,-1e-05,0.11493,0.00653,0.05683,7e-05,-1.66169,9e-05,0.26104,0.08279,0.72063,0.70753,3.79697,"none",0.7077,0.70783,0.70757,"Comment",500,-1,"fish1"
3.237871,0.2640828,0.3678403,-0.004645468,0.01668956,-0.005649671,160.2,204,3.3,0.27061,0.37594,0.00034,0.02129,0.00023,0.11544,0.00654,0.05664,1e-04,-1.46951,0.00013,0.27048,0.08305,0.71983,0.70762,3.92436,"none",0.70771,0.70784,0.70758,"Comment",500,-1,"fish1"
3.294052,0.2685059,0.3736806,-0.004778901,0.01676666,-0.006014718,160.4,206,3.3,0.27504,0.38178,2e-04,0.02137,-0.00013,0.11524,0.00645,0.05598,6e-05,-1.543,8e-05,0.27495,0.083,0.72041,0.70776,3.99093,"none",0.70769,0.70783,0.70756,"Comment",500,-1,"fish1"
3.502873,0.2865006,0.3984765,-0.004849913,0.01832152,-0.00575947,160.6,208,3.5,0.29303,0.40657,0.00013,0.02293,0.00012,0.11545,0.00651,0.05639,4e-05,-1.46466,5e-05,0.29298,0.08319,0.72073,0.70794,4.24413,"none",0.70768,0.70783,0.70754,"Comment",500,-1,"fish1"
3.634735,0.2973837,0.4127903,-0.004643657,0.01891628,-0.005807032,160.8,210,3.7,0.30391,0.42089,0.00034,0.02352,8e-05,0.1152,0.00644,0.05589,9e-05,-1.55864,0.00014,0.30378,0.08315,0.72208,0.70788,4.4017,"none",0.70769,0.70783,0.70755,"Comment",500,-1,"fish1"
3.414132,0.2782543,0.3866042,-0.004606093,0.01769097,-0.005785243,161,212,3.4,0.28478,0.3947,0.00038,0.0223,1e-04,0.11498,0.00649,0.05649,0.00011,-1.64376,0.00015,0.28463,0.08291,0.72152,0.70796,4.13454,"none",0.70769,0.70783,0.70756,"Comment",500,-1,"fish1"
3.146024,0.2557322,0.3553376,-0.004473963,0.01575266,-0.005928934,161.2,214,3.2,0.26226,0.36343,0.00051,0.02036,-5e-05,0.11484,0.00643,0.05602,0.00016,-1.69652,2e-04,0.26206,0.0828,0.72162,0.70787,3.81065,"none",0.70768,0.70782,0.70754,"Comment",500,-1,"fish1"
3.399312,0.2776694,0.3864206,-0.004652245,0.01789134,-0.005752227,161.4,216,3.4,0.2842,0.39452,0.00033,0.0225,0.00013,0.11542,0.00658,0.05702,1e-04,-1.47568,0.00013,0.28407,0.08311,0.72037,0.70749,4.11917,"none",0.70766,0.7078,0.70751,"Comment",500,-1,"fish1"
3.498362,0.2858278,0.3973454,-0.004572718,0.01837415,-0.005880239,161.6,218,3.5,0.29236,0.40544,0.00041,0.02298,0,0.11528,0.00653,0.05668,0.00012,-1.53014,0.00016,0.29219,0.08308,0.72108,0.70742,4.23775,"none",0.70763,0.70776,0.7075,"Comment",500,-1,"fish1"
3.403368,0.2773725,0.3861663,-0.004723634,0.01756589,-0.005805749,161.8,220,3.4,0.2839,0.39426,0.00026,0.02217,8e-05,0.11521,0.00648,0.05623,8e-05,-1.55537,1e-04,0.2838,0.08293,0.72008,0.70742,4.12238,"none",0.70763,0.70775,0.7075,"Comment",500,-1,"fish1"
3.183603,0.2588658,0.359766,-0.0046707,0.01611624,-0.005541219,162,222,3.2,0.2654,0.36786,0.00031,0.02072,0.00034,0.11487,0.00647,0.05633,1e-04,-1.68315,0.00012,0.26527,0.08284,0.72145,0.70754,3.85623,"none",0.70761,0.70772,0.7075,"Comment",500,-1,"fish1"
3.289441,0.2681216,0.3734479,-0.004650562,0.01686667,-0.005893541,162.2,224,3.3,0.27465,0.38154,0.00033,0.02147,-1e-05,0.11533,0.00649,0.05628,1e-04,-1.50891,0.00013,0.27452,0.08298,0.71984,0.70749,3.98575,"none",0.70761,0.70771,0.7075,"Comment",500,-1,"fish1"
3.681237,0.3010665,0.4183145,-0.004794269,0.01937705,-0.00587881,162.6,228,3.7,0.3076,0.42641,0.00019,0.02398,0,0.11525,0.00648,0.05624,5e-05,-1.54157,8e-05,0.30752,0.08311,0.72136,0.70755,4.45793,"none",0.70764,0.70775,0.70753,"Comment",500,-1,"fish1"
3.495601,0.285016,0.396173,-0.004987264,0.01793841,-0.005956192,162.8,230,3.5,0.29155,0.40427,0,0.02254,-7e-05,0.11503,0.00641,0.05576,0,-1.62201,0,0.29155,0.08296,0.72117,0.7077,4.23274,"none",0.70769,0.70779,0.70758,"Comment",500,-1,"fish1"
3.323237,0.2704638,0.3759369,-0.004796504,0.01718992,-0.005932333,163,232,3.3,0.27699,0.38403,0.00019,0.0218,-5e-05,0.11491,0.00652,0.05675,6e-05,-1.6683,7e-05,0.27692,0.08286,0.72127,0.70781,4.02476,"none",0.70772,0.70781,0.70763,"Comment",500,-1,"fish1"
3.34677,0.272958,0.3794512,-0.004833524,0.01751983,-0.005779597,163.2,234,3.4,0.27949,0.38755,0.00015,0.02213,1e-04,0.11515,0.00657,0.05709,4e-05,-1.57721,6e-05,0.27943,0.08303,0.72117,0.70781,4.05465,"none",0.70772,0.70781,0.70762,"Comment",500,-1,"fish1"
3.703826,0.3029373,0.4214921,-0.00437618,0.01953346,-0.005873285,163.4,236,3.7,0.30947,0.42959,0.00061,0.02414,1e-05,0.1154,0.00648,0.05619,0.00016,-1.48334,0.00024,0.30922,0.08307,0.72038,0.70784,4.48555,"none",0.70772,0.70781,0.70762,"Comment",500,-1,"fish1"
3.810292,0.3116978,0.4329628,-0.004818615,0.02029792,-0.005794252,163.6,238,3.8,0.31823,0.44106,0.00016,0.0249,9e-05,0.11519,0.0065,0.05646,4e-05,-1.56375,7e-05,0.31816,0.08309,0.72151,0.70782,4.61319,"none",0.70773,0.70782,0.70764,"Comment",500,-1,"fish1"
3.621714,0.2955723,0.410495,-0.004772871,0.01895124,-0.006025784,163.8,240,3.6,0.3021,0.41859,0.00021,0.02356,-0.00014,0.11498,0.00647,0.05628,6e-05,-1.64126,8e-05,0.30202,0.08296,0.72171,0.70787,4.38466,"none",0.7077,0.70781,0.70759,"Comment",500,-1,"fish1"
3.573263,0.2916175,0.405836,-0.004608766,0.01873979,-0.005679423,164,242,3.6,0.29815,0.41393,0.00037,0.02335,2e-04,0.11524,0.0065,0.0564,1e-04,-1.54525,0.00015,0.298,0.08296,0.72028,0.7078,4.32731,"none",0.70766,0.70778,0.70754,"Comment",500,-1,"fish1"
3.505191,0.2863598,0.3983112,-0.005047821,0.01819319,-0.005888215,164.4,246,3.5,0.29289,0.40641,-7e-05,0.0228,-1e-05,0.11533,0.00647,0.0561,-2e-05,-1.51101,-3e-05,0.29292,0.08312,0.72068,0.70748,4.24609,"none",0.70764,0.70776,0.70753,"Comment",500,-1,"fish1"
3.491598,0.284971,0.3965802,-0.004497966,0.01826578,-0.005865232,164.6,248,3.5,0.2915,0.40468,0.00048,0.02287,2e-05,0.11528,0.00652,0.05652,0.00014,-1.52858,0.00019,0.29131,0.08298,0.72033,0.70751,4.22923,"none",0.70762,0.70773,0.70751,"Comment",500,-1,"fish1"
3.410773,0.2778765,0.386853,-0.004671068,0.01756428,-0.005831703,164.8,250,3.4,0.28441,0.39495,0.00031,0.02217,5e-05,0.11516,0.00646,0.05613,9e-05,-1.57371,0.00012,0.28428,0.08289,0.72011,0.70764,4.13095,"none",0.7076,0.7077,0.7075,"Comment",500,-1,"fish1"
3.573174,0.2918473,0.4057934,-0.004958762,0.0187002,-0.005889497,165,252,3.6,0.29838,0.41389,2e-05,0.02331,-1e-05,0.11523,0.00649,0.05631,1e-05,-1.54865,1e-05,0.29837,0.08307,0.72091,0.70742,4.32751,"none",0.70758,0.70766,0.7075,"Comment",500,-1,"fish1"
3.533697,0.2884149,0.4006519,-0.004524331,0.01848805,-0.005673656,165.2,254,3.6,0.29494,0.40875,0.00046,0.02309,0.00021,0.11506,0.0065,0.0565,0.00013,-1.61172,0.00018,0.29476,0.08297,0.72158,0.7074,4.27908,"none",0.70759,0.70767,0.7075,"Comment",500,-1,"fish1"
3.404483,0.2771153,0.3856463,-0.005193075,0.0175754,-0.005918062,165.4,256,3.4,0.28364,0.39374,-0.00021,0.02218,-4e-05,0.11502,0.00648,0.05633,-6e-05,-1.627,-8e-05,0.28373,0.08288,0.72038,0.70766,4.12291,"none",0.70761,0.7077,0.70752,"Comment",500,-1,"fish1"
3.620373,0.2958255,0.411645,-0.004172164,0.01930593,-0.005782112,165.6,258,3.6,0.30235,0.41974,0.00081,0.02391,1e-04,0.11534,0.00657,0.05697,0.00022,-1.5058,0.00032,0.30203,0.083,0.72034,0.70758,4.38483,"none",0.70764,0.70774,0.70755,"Comment",500,-1,"fish1"
3.715634,0.3036326,0.4219276,-0.004852332,0.01983731,-0.005791655,165.8,260,3.7,0.31016,0.43002,0.00013,0.02444,9e-05,0.11515,0.00655,0.05684,3e-05,-1.57709,5e-05,0.31011,0.08304,0.72127,0.70761,4.49899,"none",0.70768,0.70779,0.70756,"Comment",500,-1,"fish1"
3.641273,0.2972146,0.4128995,-0.004607799,0.01900973,-0.00566192,166,262,3.7,0.30374,0.421,0.00037,0.02362,0.00022,0.11502,0.00645,0.05609,1e-04,-1.62517,0.00015,0.30359,0.08295,0.72149,0.70771,4.40825,"none",0.70773,0.70785,0.70762,"Comment",500,-1,"fish1"
3.613447,0.2951176,0.4099828,-0.00459407,0.01890521,-0.005845184,166.2,264,3.6,0.30165,0.41808,0.00039,0.02351,4e-05,0.1151,0.00647,0.05623,0.00011,-1.5956,0.00016,0.30149,0.083,0.72151,0.70785,4.37531,"none",0.70778,0.70787,0.70769,"Comment",500,-1,"fish1"
3.593925,0.2934312,0.4080449,-0.004703156,0.01910871,-0.005581025,166.4,266,3.6,0.29996,0.41614,0.00028,0.02371,3e-04,0.11519,0.00656,0.05699,8e-05,-1.56325,0.00011,0.29985,0.083,0.72081,0.70773,4.35241,"none",0.7078,0.70789,0.70771,"Comment",500,-1,"fish1"
3.448191,0.2811085,0.3905546,-0.004893522,0.01790049,-0.006036735,166.6,268,3.5,0.28764,0.39865,9e-05,0.02251,-0.00015,0.11499,0.00649,0.05645,3e-05,-1.63999,4e-05,0.2876,0.08295,0.72153,0.70783,4.17573,"none",0.70781,0.70789,0.70773,"Comment",500,-1,"fish1"
3.357695,0.2736671,0.3803969,-0.004558325,0.01727279,-0.005781175,166.8,270,3.4,0.2802,0.38849,0.00042,0.02188,1e-04,0.11506,0.00648,0.05632,0.00013,-1.61219,0.00017,0.28003,0.08293,0.72124,0.70798,4.06687,"none",0.7078,0.70789,0.70771,"Comment",500,-1,"fish1"
3.577971,0.2924058,0.4065995,-0.00492389,0.01874155,-0.005942976,167,272,3.6,0.29894,0.4147,6e-05,0.02335,-6e-05,0.1153,0.00649,0.0563,2e-05,-1.52205,2e-05,0.29891,0.08311,0.72085,0.70798,4.3337,"none",0.7078,0.70789,0.70771,"Comment",500,-1,"fish1"
3.71838,0.3043607,0.4224039,-0.004385798,0.01962129,-0.005742444,167.2,274,3.7,0.31089,0.4305,6e-04,0.02423,0.00014,0.11519,0.00648,0.05628,0.00016,-1.5609,0.00024,0.31065,0.08313,0.72216,0.70789,4.50254,"none",0.70779,0.70788,0.7077,"Comment",500,-1,"fish1"
3.679879,0.3004749,0.4178757,-0.004861319,0.01941464,-0.005747053,167.4,276,3.7,0.307,0.42597,0.00012,0.02402,0.00014,0.11517,0.00649,0.05639,3e-05,-1.57041,5e-05,0.30696,0.08299,0.72071,0.70784,4.4556,"none",0.70779,0.70788,0.7077,"Comment",500,-1,"fish1"
3.550747,0.289789,0.4027655,-0.004342026,0.01894964,-0.005876249,167.6,278,3.6,0.29632,0.41086,0.00064,0.02355,1e-05,0.1151,0.0066,0.05733,0.00018,-1.59563,0.00026,0.29606,0.08294,0.72121,0.70768,4.3,"none",0.7078,0.7079,0.70771,"Comment",500,-1,"fish1"
3.505985,0.2857019,0.3975592,-0.005077848,0.01811345,-0.005884724,167.8,280,3.5,0.29223,0.40566,-1e-04,0.02272,0,0.11509,0.00645,0.05601,-3e-05,-1.60144,-4e-05,0.29227,0.08292,0.72039,0.7075,4.24541,"none",0.70778,0.70786,0.70769,"Comment",500,-1,"fish1"
3.391593,0.2764521,0.3843265,-0.004568768,0.01747779,-0.005849673,168,282,3.4,0.28298,0.39242,0.00041,0.02208,3e-05,0.11507,0.00648,0.05627,0.00012,-1.60894,0.00017,0.28282,0.08293,0.72111,0.70772,4.10769,"none",0.70773,0.70782,0.70763,"Comment",500,-1,"fish1"
3.427697,0.2798223,0.3890751,-0.004573477,0.01818318,-0.005857627,168.2,284,3.4,0.28635,0.39717,0.00041,0.02279,3e-05,0.11524,0.00661,0.05738,0.00012,-1.54376,0.00016,0.28619,0.08304,0.72098,0.70773,4.15262,"none",0.7077,0.70779,0.70762,"Comment",500,-1,"fish1"
3.402475,0.2778384,0.3860915,-0.005142755,0.0175321,-0.005737761,168.4,286,3.4,0.28437,0.39419,-0.00016,0.02214,0.00015,0.11522,0.00647,0.05616,-5e-05,-1.55227,-6e-05,0.28443,0.08314,0.7214,0.70776,4.12201,"none",0.70769,0.70777,0.70761,"Comment",500,-1,"fish1"
3.449574,0.2814592,0.3913981,-0.004500665,0.01786918,-0.006181659,168.6,288,3.5,0.28799,0.39949,0.00048,0.02247,-3e-04,0.11518,0.00648,0.05626,0.00014,-1.56535,0.00019,0.2878,0.08298,0.72088,0.70793,4.17812,"none",0.70767,0.70776,0.70758,"Comment",500,-1,"fish1"
3.472127,0.2831139,0.3939733,-0.004959278,0.01813037,-0.005869855,168.8,290,3.5,0.28964,0.40207,2e-05,0.02274,1e-05,0.11518,0.00651,0.05655,1e-05,-1.56778,1e-05,0.28963,0.08297,0.72038,0.70773,4.20534,"none",0.70769,0.70777,0.70761,"Comment",500,-1,"fish1"
3.678488,0.3011548,0.4186782,-0.00440417,0.01955341,-0.005736894,169,292,3.7,0.30768,0.42677,0.00058,0.02416,0.00015,0.11543,0.00653,0.05661,0.00016,-1.4721,0.00023,0.30745,0.08316,0.72095,0.70749,4.45565,"none",0.70769,0.70777,0.70761,"Comment",500,-1,"fish1"
3.507242,0.2856226,0.3973681,-0.004738627,0.01830853,-0.005727356,169.2,294,3.5,0.29215,0.40546,0.00024,0.02291,0.00016,0.11499,0.0065,0.05651,7e-05,-1.63747,1e-04,0.29205,0.08283,0.72054,0.70764,4.24645,"none",0.70768,0.70776,0.70759,"Comment",500,-1,"fish1"
3.66909,0.2997222,0.417067,-0.004775256,0.01921722,-0.00572742,169.4,296,3.7,0.30625,0.42516,0.00021,0.02382,0.00016,0.11529,0.00646,0.05603,6e-05,-1.52597,8e-05,0.30617,0.08302,0.72032,0.70771,4.44302,"none",0.70768,0.70776,0.70759,"Comment",500,-1,"fish1"
3.383914,0.2760339,0.3835237,-0.004918046,0.01742484,-0.005779287,169.8,300,3.4,0.28256,0.39162,6e-05,0.02203,1e-04,0.11509,0.00647,0.05625,2e-05,-1.59996,3e-05,0.28254,0.08303,0.72152,0.7075,4.09888,"none",0.70766,0.70772,0.70759,"Comment",500,-1,"fish1"
3.349206,0.2731315,0.3795776,-0.00454674,0.01716127,-0.005760173,170,302,3.4,0.27966,0.38767,0.00044,0.02177,0.00012,0.11511,0.00646,0.05615,0.00013,-1.59451,0.00017,0.27949,0.08298,0.72138,0.70767,4.05691,"none",0.70764,0.7077,0.70757,"Comment",500,-1,"fish1"
3.473367,0.2833931,0.3947155,-0.004850154,0.01801366,-0.005818447,170.2,304,3.5,0.28992,0.40281,0.00013,0.02262,6e-05,0.11535,0.00648,0.05615,4e-05,-1.50296,5e-05,0.28987,0.08301,0.71975,0.70775,4.20744,"none",0.70766,0.70771,0.7076,"Comment",500,-1,"fish1"
3.431803,0.2798361,0.3890046,-0.004705751,0.01779231,-0.005864919,170.4,306,3.5,0.28637,0.3971,0.00028,0.0224,2e-05,0.11508,0.00649,0.0564,8e-05,-1.60332,0.00011,0.28625,0.08296,0.72114,0.70761,4.15633,"none",0.70766,0.70772,0.70761,"Comment",500,-1,"fish1"
3.281174,0.2673509,0.3713715,-0.004722326,0.01679848,-0.005729833,170.6,308,3.3,0.27388,0.37947,0.00026,0.0214,0.00015,0.11499,0.00649,0.0564,8e-05,-1.63754,1e-04,0.27378,0.08296,0.72175,0.70774,3.9746,"none",0.70763,0.70771,0.70756,"Comment",500,-1,"fish1"
3.540852,0.2890594,0.4020466,-0.004636143,0.01859835,-0.005957795,170.8,310,3.6,0.29559,0.41014,0.00035,0.0232,-7e-05,0.11522,0.00652,0.05657,1e-04,-1.55103,0.00014,0.29545,0.083,0.7207,0.70776,4.28843,"none",0.70764,0.70771,0.70757,"Comment",500,-1,"fish1"
3.937153,0.3225719,0.4485052,-0.004773804,0.02119859,-0.005804352,171,312,4,0.3291,0.4566,0.00021,0.0258,8e-05,0.11542,0.00652,0.05651,5e-05,-1.47502,8e-05,0.32902,0.08317,0.72076,0.70753,4.76735,"none",0.70766,0.70775,0.70757,"Comment",500,-1,"fish1"
3.614845,0.2947762,0.4096724,-0.004620296,0.01889592,-0.0059662,171.2,314,3.6,0.30131,0.41777,0.00036,0.0235,-8e-05,0.11497,0.00647,0.05625,1e-04,-1.64468,0.00015,0.30116,0.08288,0.72123,0.70768,4.37605,"none",0.70765,0.70774,0.70757,"Comment",500,-1,"fish1"
3.430242,0.279126,0.3886049,-0.004802845,0.01802077,-0.005716701,171.4,316,3.4,0.28566,0.3967,0.00018,0.02263,0.00017,0.11502,0.00656,0.05704,5e-05,-1.62746,7e-05,0.28558,0.0828,0.72008,0.70771,4.15393,"none",0.70766,0.70774,0.70757,"Comment",500,-1,"fish1"
3.60683,0.295184,0.4100838,-0.004602005,0.01877686,-0.005795782,171.6,318,3.6,0.30171,0.41818,0.00038,0.02338,9e-05,0.11534,0.00645,0.05591,0.00011,-1.50571,0.00015,0.30156,0.08318,0.72149,0.70741,4.36873,"none",0.70766,0.70774,0.70757,"Comment",500,-1,"fish1"
3.459705,0.2818474,0.3914265,-0.004857077,0.01806819,-0.005878301,171.8,320,3.5,0.28838,0.39952,0.00013,0.02267,0,0.11486,0.00652,0.05675,4e-05,-1.68922,5e-05,0.28833,0.08289,0.7218,0.70756,4.189,"none",0.70763,0.70772,0.70754,"Comment",500,-1,"fish1"
3.2344,0.263148,0.3659534,-0.004484486,0.01661267,-0.005763168,172,322,3.3,0.26968,0.37405,5e-04,0.02122,0.00012,0.11498,0.00652,0.05673,0.00015,-1.64213,2e-04,0.26948,0.08284,0.72097,0.70789,3.91792,"none",0.70759,0.70772,0.70746,"Comment",500,-1,"fish1"
3.378202,0.2756403,0.3833776,-0.005019969,0.01753062,-0.005689091,172.2,324,3.4,0.28217,0.39147,-4e-05,0.02214,0.00019,0.11524,0.00652,0.05655,-1e-05,-1.54306,-1e-05,0.28218,0.08307,0.72079,0.70765,4.09277,"none",0.70754,0.70769,0.70738,"Comment",500,-1,"fish1"
3.456132,0.2822059,0.3918724,-0.004412243,0.01794334,-0.00585292,172.4,326,3.5,0.28874,0.39997,0.00057,0.02255,3e-05,0.1151,0.00649,0.05638,0.00016,-1.59592,0.00023,0.28851,0.08303,0.72189,0.70767,4.18593,"none",0.70746,0.70765,0.70727,"Comment",500,-1,"fish1"
3.449634,0.2811711,0.3910959,-0.004935581,0.01796857,-0.005886127,172.6,328,3.5,0.2877,0.39919,5e-05,0.02257,0,0.11509,0.00651,0.05655,1e-05,-1.59904,2e-05,0.28768,0.08294,0.72071,0.70774,4.17786,"none",0.7074,0.70763,0.70717,"Comment",500,-1,"fish1"
3.600225,0.294227,0.4092029,-0.004619503,0.0188493,-0.005819602,172.8,330,3.6,0.30076,0.4173,0.00036,0.02345,6e-05,0.11531,0.00648,0.05621,1e-04,-1.51813,0.00014,0.30061,0.08306,0.72072,0.70744,4.36037,"none",0.70733,0.70758,0.70708,"Comment",500,-1,"fish1"
3.537804,0.2885693,0.4014871,-0.004703468,0.01858823,-0.005714131,173,332,3.6,0.2951,0.40958,0.00028,0.02319,0.00017,0.11516,0.00652,0.05663,8e-05,-1.57316,0.00011,0.29499,0.08294,0.72049,0.70716,4.28434,"none",0.70726,0.70747,0.70704,"Comment",500,-1,"fish1"
3.635623,0.296452,0.4128565,-0.004683019,0.01918728,-0.005883123,173.2,334,3.7,0.30298,0.42095,3e-04,0.02379,0,0.11519,0.00651,0.05652,8e-05,-1.56237,0.00012,0.30286,0.08288,0.71975,0.70714,4.40201,"none",0.70722,0.70742,0.70702,"Comment",500,-1,"fish1"
3.558516,0.2900545,0.4035532,-0.004487483,0.0186301,-0.005947661,173.4,336,3.6,0.29658,0.41165,5e-04,0.02324,-6e-05,0.11507,0.0065,0.05644,0.00014,-1.6069,2e-04,0.29639,0.08285,0.72048,0.70693,4.30856,"none",0.70718,0.70735,0.707,"Comment",500,-1,"fish1"
3.460895,0.2820697,0.3922421,-0.004766486,0.01800897,-0.005721084,173.6,338,3.5,0.2886,0.40034,0.00022,0.02261,0.00016,0.11505,0.0065,0.05649,6e-05,-1.61533,9e-05,0.28851,0.08291,0.72089,0.70684,4.19114,"none",0.70715,0.70729,0.70701,"Comment",500,-1,"fish1"
3.360787,0.2735494,0.3808069,-0.004840732,0.01729862,-0.005945913,173.8,340,3.4,0.28008,0.3889,0.00014,0.0219,-6e-05,0.11507,0.00648,0.05632,4e-05,-1.60612,6e-05,0.28002,0.08286,0.72018,0.70687,4.07039,"none",0.70715,0.7073,0.70701,"Comment",500,-1,"fish1"
3.192693,0.2597986,0.3616864,-0.004582065,0.01647371,-0.005779948,174,342,3.2,0.26633,0.36978,4e-04,0.02108,1e-04,0.11514,0.00656,0.057,0.00012,-1.57987,0.00016,0.26617,0.08288,0.72023,0.70711,3.8685,"none",0.7072,0.70737,0.70703,"Comment",500,-1,"fish1"
3.275516,0.2669104,0.3720033,-0.004649201,0.01675217,-0.005873249,174.2,344,3.3,0.27344,0.3801,0.00033,0.02136,1e-05,0.11538,0.00648,0.05619,1e-04,-1.49042,0.00013,0.27331,0.08296,0.71939,0.70732,3.96906,"none",0.70721,0.70739,0.70704,"Comment",500,-1,"fish1"
3.498708,0.2858433,0.3977061,-0.004773142,0.01834879,-0.005819088,174.4,346,3.5,0.29237,0.4058,0.00021,0.02295,6e-05,0.11537,0.00653,0.05656,6e-05,-1.49571,8e-05,0.29229,0.0831,0.72048,0.70722,4.23853,"none",0.70725,0.70741,0.70709,"Comment",500,-1,"fish1"
3.582151,0.2928511,0.4067892,-0.004610704,0.01879949,-0.005998201,174.6,348,3.6,0.29938,0.41489,0.00037,0.0234,-0.00012,0.11522,0.0065,0.05641,1e-04,-1.5527,0.00015,0.29923,0.0831,0.7216,0.70744,4.33845,"none",0.70729,0.70742,0.70716,"Comment",500,-1,"fish1"
3.41987,0.2782916,0.387526,-0.00465805,0.0178541,-0.005957276,174.8,350,3.4,0.28482,0.39562,0.00032,0.02246,-7e-05,0.11505,0.00653,0.05677,9e-05,-1.61491,0.00013,0.28469,0.08279,0.71993,0.70751,4.14142,"none",0.70733,0.70743,0.70724,"Comment",500,-1,"fish1"
3.445579,0.2811203,0.3909208,-0.004863594,0.01797082,-0.005797633,175,352,3.5,0.28765,0.39902,0.00012,0.02258,9e-05,0.11518,0.00652,0.05658,3e-05,-1.56722,5e-05,0.2876,0.08302,0.7209,0.70761,4.17355,"none",0.70731,0.70743,0.70719,"Comment",500,-1,"fish1"
3.40855,0.2777889,0.3862132,-0.004415307,0.01778408,-0.005756152,175.2,354,3.4,0.28432,0.39431,0.00057,0.02239,0.00013,0.11505,0.00653,0.05678,0.00017,-1.61606,0.00023,0.28409,0.08289,0.72105,0.70729,4.12812,"none",0.70727,0.70742,0.70713,"Comment",500,-1,"fish1"
3.483992,0.2847453,0.3956076,-0.004611088,0.01851436,-0.005873885,175.4,356,3.5,0.29127,0.4037,0.00037,0.02312,1e-05,0.11525,0.0066,0.05727,0.00011,-1.5389,0.00015,0.29113,0.08311,0.72151,0.70728,4.22072,"none",0.70729,0.70743,0.70714,"Comment",500,-1,"fish1"
3.489367,0.284307,0.3959612,-0.004907484,0.01802709,-0.005948839,175.6,358,3.5,0.29084,0.40406,8e-05,0.02263,-7e-05,0.11518,0.00645,0.05601,2e-05,-1.56754,3e-05,0.29081,0.08289,0.71979,0.70723,4.22564,"none",0.70727,0.70741,0.70713,"Comment",500,-1,"fish1"
3.346807,0.2723372,0.3795412,-0.004772551,0.01737225,-0.005625172,175.8,360,3.4,0.27887,0.38764,0.00021,0.02198,0.00026,0.11518,0.00653,0.0567,6e-05,-1.56758,8e-05,0.27878,0.08283,0.7194,0.70733,4.05398,"none",0.70723,0.70736,0.7071,"Comment",500,-1,"fish1"
3.329046,0.2712537,0.3771736,-0.004787657,0.01706187,-0.00595629,176,362,3.3,0.27778,0.38527,2e-04,0.02167,-7e-05,0.11508,0.00647,0.05624,6e-05,-1.60394,8e-05,0.27771,0.08295,0.72101,0.7069,4.03247,"none",0.70719,0.70729,0.70709,"Comment",500,-1,"fish1"
3.250358,0.264869,0.368281,-0.004635247,0.01673585,-0.005740216,176.2,364,3.3,0.2714,0.37638,0.00035,0.02134,0.00014,0.11513,0.00653,0.0567,0.00011,-1.5851,0.00014,0.27126,0.08298,0.72108,0.70694,3.93811,"none",0.70717,0.70727,0.70707,"Comment",500,-1,"fish1"
2.892141,0.2343885,0.3263955,-0.00481675,0.01444928,-0.005852065,176.4,366,2.9,0.24092,0.33449,0.00017,0.01905,3e-05,0.11491,0.00655,0.05697,6e-05,-1.66881,7e-05,0.24085,0.08274,0.72025,0.70735,3.50532,"none",0.70714,0.70724,0.70705,"Comment",500,-1,"fish1"
3.115273,0.2537943,0.3536266,-0.00452509,0.01575332,-0.005974187,176.6,368,3.1,0.26032,0.36172,0.00046,0.02036,-9e-05,0.11542,0.0065,0.05628,0.00015,-1.4769,0.00018,0.26014,0.083,0.71968,0.70726,3.77627,"none",0.70713,0.70722,0.70703,"Comment",500,-1,"fish1"
3.363796,0.2748185,0.3823659,-0.004887488,0.01726418,-0.005854934,176.8,370,3.4,0.28135,0.39046,1e-04,0.02187,3e-05,0.11543,0.00647,0.05601,3e-05,-1.47071,4e-05,0.28131,0.08316,0.72055,0.70711,4.07621,"none",0.70709,0.70718,0.70701,"Comment",500,-1,"fish1"
3.331505,0.2714018,0.3774287,-0.004486518,0.01724152,-0.00571547,177,372,3.4,0.27793,0.38552,5e-04,0.02185,0.00017,0.11507,0.00652,0.05667,0.00015,-1.60709,2e-04,0.27773,0.0829,0.72092,0.70718,4.03539,"none",0.70711,0.70719,0.70703,"Comment",500,-1,"fish1"
3.230406,0.2627185,0.3657136,-0.004896723,0.01662861,-0.005680182,177.2,374,3.2,0.26925,0.37381,9e-05,0.02123,2e-04,0.11505,0.00654,0.0568,3e-05,-1.61657,3e-05,0.26921,0.08286,0.72028,0.7071,3.91344,"none",0.70714,0.70722,0.70707,"Comment",500,-1,"fish1"
3.227462,0.2626179,0.3657075,-0.00465076,0.01657955,-0.005830309,177.4,376,3.2,0.26915,0.3738,0.00033,0.02118,5e-05,0.11515,0.00653,0.05667,1e-04,-1.57782,0.00013,0.26901,0.08287,0.72002,0.70704,3.91024,"none",0.70714,0.7072,0.70707,"Comment",500,-1,"fish1"
3.226356,0.2624909,0.3655225,-0.004615084,0.01661403,-0.005717809,177.8,380,3.2,0.26902,0.37362,0.00037,0.02122,0.00017,0.11513,0.00654,0.05679,0.00011,-1.58453,0.00015,0.26887,0.08285,0.72004,0.70705,3.90884,"none",0.70715,0.70722,0.70707,"Comment",500,-1,"fish1"
3.386628,0.2765078,0.3846866,-0.004834488,0.01764559,-0.005822023,178,382,3.4,0.28304,0.39278,0.00015,0.02225,6e-05,0.11534,0.00653,0.05665,4e-05,-1.50559,6e-05,0.28298,0.0831,0.72059,0.707,4.10342,"none",0.70718,0.70728,0.70708,"Comment",500,-1,"fish1"
3.377628,0.2754262,0.3831334,-0.004378546,0.01744871,-0.005809645,178.2,384,3.4,0.28196,0.39123,6e-04,0.02205,7e-05,0.11519,0.00649,0.05637,0.00018,-1.56287,0.00024,0.28171,0.08294,0.72069,0.70704,4.0914,"none",0.70723,0.70738,0.70709,"Comment",500,-1,"fish1"
3.347782,0.27248,0.3795313,-0.004853033,0.01752315,-0.005734569,178.4,386,3.4,0.27901,0.38763,0.00013,0.02213,0.00015,0.11514,0.00657,0.05709,4e-05,-1.5813,5e-05,0.27896,0.08286,0.71979,0.7073,4.05527,"none",0.70727,0.70742,0.70712,"Comment",500,-1,"fish1"
3.162933,0.2572736,0.3582195,-0.004790528,0.01614678,-0.005915049,178.6,388,3.2,0.2638,0.36632,0.00019,0.02075,-3e-05,0.11513,0.00652,0.05665,6e-05,-1.58465,8e-05,0.26373,0.08289,0.72015,0.70726,3.8325,"none",0.70731,0.70745,0.70717,"Comment",500,-1,"fish1"
3.071739,0.2500725,0.3475327,-0.004603995,0.01557326,-0.005696848,178.8,390,3.1,0.2566,0.35563,0.00038,0.02018,0.00019,0.11507,0.00653,0.05674,0.00012,-1.60759,0.00015,0.25645,0.08298,0.72154,0.70736,3.72277,"none",0.70734,0.70747,0.70721,"Comment",500,-1,"fish1"
3.196524,0.2606702,0.3628731,-0.004865887,0.01653589,-0.005894095,179,392,3.2,0.2672,0.37097,0.00012,0.02114,-1e-05,0.11538,0.00658,0.05699,4e-05,-1.4923,5e-05,0.26715,0.08309,0.72027,0.70747,3.87456,"none",0.70737,0.70748,0.70726,"Comment",500,-1,"fish1"
3.256357,0.2654323,0.3693042,-0.004839031,0.01645993,-0.005779091,179.2,394,3.3,0.27196,0.3774,0.00014,0.02107,1e-04,0.11523,0.00643,0.05582,4e-05,-1.54673,6e-05,0.2719,0.08302,0.72062,0.7077,3.9455,"none",0.70738,0.70748,0.70727,"Comment",500,-1,"fish1"
3.401787,0.2775057,0.3863248,-0.004519611,0.01776927,-0.005636408,179.4,396,3.4,0.28404,0.39442,0.00046,0.02237,0.00025,0.11531,0.00654,0.05673,0.00014,-1.51776,0.00018,0.28385,0.08298,0.72013,0.70749,4.12121,"none",0.70738,0.70748,0.70728,"Comment",500,-1,"fish1"
3.698154,0.3025529,0.420965,-0.004745195,0.01963475,-0.005842811,179.6,398,3.7,0.30908,0.42906,0.00024,0.02424,4e-05,0.11543,0.00652,0.0565,6e-05,-1.4704,9e-05,0.30899,0.08313,0.72037,0.70742,4.47922,"none",0.70738,0.70748,0.70728,"Comment",500,-1,"fish1"
3.216387,0.2616109,0.3642667,-0.00486866,0.01645855,-0.005820043,180,402,3.2,0.26814,0.37236,0.00011,0.02106,6e-05,0.1151,0.00651,0.05657,4e-05,-1.59716,5e-05,0.26809,0.08287,0.7201,0.70736,3.89669,"none",0.70735,0.70747,0.70724,"Comment",500,-1,"fish1"
3.208097,0.2615179,0.3637772,-0.004442062,0.01652442,-0.005820611,180.4,406,3.2,0.26805,0.37187,0.00054,0.02113,6e-05,0.11524,0.00655,0.05682,0.00017,-1.54274,0.00022,0.26783,0.083,0.7208,0.70729,3.88771,"none",0.7073,0.70744,0.70717,"Comment",500,-1,"fish1"
3.088353,0.25123,0.349462,-0.004743726,0.01570128,-0.005895403,180.6,408,3.1,0.25776,0.35756,0.00024,0.02031,-1e-05,0.11508,0.00654,0.05679,8e-05,-1.60546,1e-04,0.25766,0.08293,0.72089,0.70711,3.74266,"none",0.70724,0.70735,0.70714,"Comment",500,-1,"fish1"
3.002131,0.2438665,0.3395725,-0.004811232,0.01492652,-0.005823495,180.8,410,3,0.2504,0.34767,0.00017,0.01953,6e-05,0.11509,0.00647,0.05618,6e-05,-1.60138,7e-05,0.25033,0.08286,0.72021,0.70733,3.63844,"none",0.70718,0.70729,0.70707,"Comment",500,-1,"fish1"
3.327541,0.2713619,0.3780215,-0.004660023,0.01732908,-0.005943894,181,412,3.3,0.27789,0.38612,0.00032,0.02193,-6e-05,0.11539,0.00655,0.05681,1e-04,-1.48867,0.00013,0.27776,0.08301,0.71971,0.70724,4.03213,"none",0.70712,0.70724,0.70699,"Comment",500,-1,"fish1"
3.576391,0.2922131,0.4065577,-0.004904666,0.01887749,-0.005752501,181.2,414,3.6,0.29874,0.41465,8e-05,0.02348,0.00013,0.11534,0.00653,0.05663,2e-05,-1.50731,3e-05,0.29871,0.08309,0.72046,0.70712,4.33202,"none",0.70707,0.70719,0.70696,"Comment",500,-1,"fish1"
3.522262,0.2871435,0.3995243,-0.004697155,0.0183732,-0.0057168,181.4,416,3.5,0.29367,0.40762,0.00029,0.02298,0.00017,0.11511,0.00649,0.05637,8e-05,-1.59163,0.00011,0.29356,0.0829,0.72046,0.70699,4.2652,"none",0.70707,0.70718,0.70696,"Comment",500,-1,"fish1"
3.308156,0.2690631,0.3741377,-0.004556308,0.01701089,-0.005908246,181.6,418,3.3,0.27559,0.38223,0.00043,0.02162,-3e-05,0.11489,0.0065,0.05655,0.00013,-1.67584,0.00017,0.27542,0.08279,0.721,0.70707,4.0062,"none",0.70706,0.70717,0.70695,"Comment",500,-1,"fish1"
3.222139,0.262074,0.3650458,-0.004412532,0.0165465,-0.005795895,181.8,420,3.2,0.2686,0.37314,0.00057,0.02115,9e-05,0.11513,0.00653,0.05669,0.00018,-1.58351,0.00023,0.26838,0.08281,0.71984,0.70689,3.90359,"none",0.70703,0.70712,0.70694,"Comment",500,-1,"fish1"
3.448551,0.281474,0.3918904,-0.004796281,0.01769186,-0.005869046,182,422,3.5,0.288,0.39999,0.00019,0.0223,1e-05,0.11536,0.00643,0.05574,5e-05,-1.49889,7e-05,0.28793,0.08304,0.72003,0.70678,4.17754,"none",0.70703,0.70712,0.70694,"Comment",500,-1,"fish1"
3.260363,0.2650946,0.3684951,-0.004735894,0.01677805,-0.005778896,182.2,424,3.3,0.27162,0.37659,0.00025,0.02138,1e-04,0.11484,0.00652,0.05678,8e-05,-1.69337,1e-04,0.27153,0.0828,0.72127,0.70693,3.94864,"none",0.70703,0.70712,0.70694,"Comment",500,-1,"fish1"
3.115687,0.2531317,0.3524851,-0.004748649,0.01593537,-0.005899155,182.4,426,3.1,0.25966,0.36058,0.00023,0.02054,-2e-05,0.11504,0.00655,0.05697,7e-05,-1.62024,9e-05,0.25957,0.08281,0.72012,0.70721,3.77515,"none",0.70703,0.70712,0.70695,"Comment",500,-1,"fish1"
3.308889,0.2699418,0.3759296,-0.004801111,0.01719352,-0.005881832,182.6,428,3.3,0.27647,0.38403,0.00018,0.0218,0,0.1154,0.00655,0.05676,5e-05,-1.48184,7e-05,0.2764,0.08306,0.71993,0.707,4.00989,"none",0.70705,0.70714,0.70695,"Comment",500,-1,"fish1"
3.358058,0.2737464,0.3810028,-0.005014412,0.01721727,-0.005876487,182.8,430,3.4,0.28028,0.3891,-3e-05,0.02182,1e-05,0.11523,0.00646,0.05608,-1e-05,-1.54903,-1e-05,0.28029,0.083,0.72032,0.70708,4.06804,"none",0.70707,0.70716,0.70699,"Comment",500,-1,"fish1"
3.221985,0.2621057,0.3648644,-0.004368979,0.01657571,-0.005772939,183,432,3.2,0.26864,0.37296,0.00061,0.02118,0.00011,0.11508,0.00654,0.05679,0.00019,-1.60261,0.00025,0.26839,0.08282,0.72028,0.70722,3.90329,"none",0.70711,0.70717,0.70705,"Comment",500,-1,"fish1"
3.401537,0.2775016,0.3863158,-0.004823213,0.01763744,-0.005701436,183.2,434,3.4,0.28403,0.39441,0.00016,0.02224,0.00018,0.11531,0.0065,0.05639,5e-05,-1.51557,6e-05,0.28397,0.08302,0.72014,0.70711,4.12094,"none",0.70714,0.7072,0.70709,"Comment",500,-1,"fish1"
3.304884,0.2690486,0.3744013,-0.004914452,0.01710418,-0.006072241,183.4,436,3.3,0.27558,0.3825,7e-05,0.02171,-0.00019,0.11508,0.00653,0.05676,2e-05,-1.603,3e-05,0.27555,0.08291,0.72047,0.70707,4.00342,"none",0.70716,0.70722,0.70709,"Comment",500,-1,"fish1"
3.227944,0.2626605,0.3655584,-0.004757521,0.01657195,-0.005782136,183.6,438,3.2,0.26919,0.37365,0.00023,0.02118,1e-04,0.11509,0.00652,0.05668,7e-05,-1.60165,9e-05,0.2691,0.08288,0.72042,0.7072,3.91065,"none",0.70717,0.70722,0.70712,"Comment",500,-1,"fish1"
3.235449,0.26342,0.3664303,-0.00478263,0.01638554,-0.005805698,183.8,440,3.3,0.26995,0.37453,2e-04,0.02099,8e-05,0.11509,0.00645,0.05605,6e-05,-1.6007,8e-05,0.26987,0.08293,0.72078,0.70714,3.91961,"none",0.70717,0.70722,0.70712,"Comment",500,-1,"fish1"
3.350296,0.2732849,0.3808048,-0.004673115,0.01750828,-0.00573195,184,442,3.4,0.27981,0.3889,0.00031,0.02211,0.00015,0.11543,0.00656,0.05686,9e-05,-1.47102,0.00012,0.27969,0.08302,0.7195,0.70716,4.05978,"none",0.70717,0.70722,0.70712,"Comment",500,-1,"fish1"
3.07169,0.2495204,0.3470369,-0.004971324,0.01550595,-0.005814494,184.2,444,3.1,0.25605,0.35513,1e-05,0.02011,7e-05,0.11491,0.00651,0.05663,0,-1.66764,0,0.25605,0.08285,0.721,0.70726,3.72176,"none",0.70716,0.70721,0.70711,"Comment",500,-1,"fish1"
3.091968,0.2516627,0.3502907,-0.004664665,0.01592285,-0.005839368,184.4,446,3.1,0.25819,0.35839,0.00032,0.02053,4e-05,0.11521,0.0066,0.05728,1e-04,-1.55531,0.00013,0.25807,0.08296,0.72043,0.70732,3.74773,"none",0.70714,0.70722,0.70706,"Comment",500,-1,"fish1"
3.22748,0.2632852,0.3664942,-0.004487294,0.01674194,-0.005773577,184.6,448,3.2,0.26981,0.37459,5e-04,0.02135,0.00011,0.11539,0.00658,0.05699,0.00015,-1.48654,2e-04,0.26962,0.08305,0.72029,0.70715,3.91181,"none",0.70713,0.70721,0.70705,"Comment",500,-1,"fish1"
3.168357,0.2578832,0.3585736,-0.004837532,0.01593834,-0.005918219,184.8,450,3.2,0.26441,0.36667,0.00015,0.02054,-4e-05,0.11505,0.00645,0.05603,5e-05,-1.61674,6e-05,0.26435,0.08294,0.72112,0.70707,3.8387,"none",0.70712,0.7072,0.70703,"Comment",500,-1,"fish1"
3.127288,0.2542747,0.3543332,-0.004505797,0.01582312,-0.005961804,185,452,3.1,0.2608,0.36243,0.00048,0.02043,-8e-05,0.1152,0.00649,0.05637,0.00015,-1.55851,0.00019,0.26061,0.08284,0.7196,0.70718,3.78954,"none",0.7071,0.70719,0.70701,"Comment",500,-1,"fish1"
3.134646,0.2549674,0.3553329,-0.004981234,0.01567306,-0.005716248,185.2,454,3.2,0.2615,0.36343,0,0.02028,0.00017,0.11525,0.00643,0.0558,0,-1.54029,0,0.2615,0.08292,0.71953,0.70709,3.79863,"none",0.70705,0.70715,0.70695,"Comment",500,-1,"fish1"
3.330883,0.2718446,0.3783078,-0.004704702,0.0170989,-0.00578874,185.4,456,3.3,0.27837,0.3864,0.00028,0.0217,9e-05,0.11536,0.00648,0.05617,8e-05,-1.49986,0.00011,0.27826,0.08307,0.72042,0.70685,4.03603,"none",0.70703,0.70712,0.70695,"Comment",500,-1,"fish1"
3.240421,0.2637335,0.3667765,-0.004577644,0.0166311,-0.005847663,185.6,458,3.3,0.27026,0.37487,0.00041,0.02124,4e-05,0.11502,0.00652,0.05665,0.00012,-1.62694,0.00016,0.2701,0.08287,0.72095,0.70707,3.92541,"none",0.70702,0.7071,0.70694,"Comment",500,-1,"fish1"
3.112687,0.2530054,0.3524113,-0.004581138,0.01584551,-0.005775934,185.8,460,3.1,0.25953,0.36051,4e-04,0.02045,0.00011,0.11512,0.00653,0.05673,0.00013,-1.58746,0.00016,0.25937,0.08283,0.71992,0.70701,3.7718,"none",0.70704,0.70713,0.70695,"Comment",500,-1,"fish1"
3.16561,0.2578565,0.3589129,-0.004678661,0.01589621,-0.005672957,186,462,3.2,0.26439,0.36701,3e-04,0.0205,0.00021,0.11525,0.00644,0.05586,1e-04,-1.53894,0.00012,0.26426,0.08299,0.72038,0.70698,3.83616,"none",0.70702,0.7071,0.70693,"Comment",500,-1,"fish1"
3.290605,0.267925,0.3732674,-0.004596233,0.01714928,-0.005777694,186.2,464,3.3,0.27445,0.38136,0.00039,0.02175,0.00011,0.11524,0.00657,0.05704,0.00012,-1.54482,0.00015,0.2743,0.08289,0.71967,0.70678,3.9868,"none",0.70702,0.70711,0.70693,"Comment",500,-1,"fish1"
3.246047,0.2643278,0.3675211,-0.004810614,0.01657194,-0.00580958,186.4,466,3.3,0.27086,0.37562,0.00017,0.02118,7e-05,0.11505,0.00649,0.05638,5e-05,-1.61564,7e-05,0.27079,0.08294,0.7211,0.70714,3.93241,"none",0.70705,0.70714,0.70697,"Comment",500,-1,"fish1"
3.248933,0.2642737,0.3681524,-0.00441768,0.01689342,-0.005717438,186.6,468,3.3,0.2708,0.37625,0.00057,0.0215,0.00017,0.11514,0.00658,0.05714,0.00017,-1.581,0.00023,0.27058,0.0828,0.71975,0.70702,3.93603,"none",0.70707,0.70715,0.70698,"Comment",500,-1,"fish1"
3.264394,0.2661437,0.369917,-0.004880502,0.01679637,-0.005891612,186.8,470,3.3,0.27267,0.37801,1e-04,0.0214,-1e-05,0.11514,0.00652,0.05662,3e-05,-1.58279,4e-05,0.27263,0.08304,0.72133,0.70726,3.95522,"none",0.70709,0.70719,0.707,"Comment",500,-1,"fish1"
3.348375,0.2727877,0.3798249,-0.004545205,0.01723802,-0.005596695,187,472,3.4,0.27932,0.38792,0.00044,0.02184,0.00029,0.11521,0.00649,0.05631,0.00013,-1.55601,0.00017,0.27914,0.0829,0.72004,0.70699,4.05606,"none",0.70716,0.7073,0.70702,"Comment",500,-1,"fish1"
3.408801,0.2781574,0.3868372,-0.004668428,0.01744344,-0.005898468,187.2,474,3.4,0.28469,0.39493,0.00031,0.02205,-2e-05,0.11522,0.00643,0.05583,9e-05,-1.55041,0.00013,0.28456,0.08302,0.72085,0.7071,4.12912,"none",0.70725,0.70739,0.7071,"Comment",500,-1,"fish1"
3.138848,0.2549653,0.3549583,-0.00453139,0.01591613,-0.005776,187.4,476,3.2,0.26149,0.36305,0.00045,0.02052,0.00011,0.11498,0.0065,0.05652,0.00014,-1.64315,0.00018,0.26131,0.08276,0.72026,0.70718,3.80252,"none",0.70727,0.70742,0.70713,"Comment",500,-1,"fish1"
3.239254,0.2638677,0.3676939,-0.00457902,0.01673659,-0.00586402,187.6,478,3.3,0.2704,0.37579,4e-04,0.02134,2e-05,0.11534,0.00655,0.05679,0.00012,-1.50495,0.00016,0.27024,0.08294,0.71954,0.70721,3.9254,"none",0.70734,0.70751,0.70718,"Comment",500,-1,"fish1"
3.305734,0.2698094,0.3749503,-0.004913422,0.01705856,-0.005916639,187.8,480,3.3,0.27634,0.38305,7e-05,0.02166,-3e-05,0.11522,0.00652,0.05656,2e-05,-1.5517,3e-05,0.27631,0.08311,0.72142,0.70727,4.00553,"none",0.70737,0.70754,0.70721,"Comment",500,-1,"fish1"
3.251681,0.2646565,0.3683376,-0.004655826,0.01670161,-0.005872353,188,482,3.3,0.27119,0.37643,0.00033,0.02131,1e-05,0.1151,0.00651,0.0566,1e-04,-1.59617,0.00013,0.27106,0.08288,0.72041,0.70762,3.93925,"none",0.70742,0.70756,0.70728,"Comment",500,-1,"fish1"
3.296958,0.2689581,0.373904,-0.004706854,0.01714871,-0.005730733,188.2,484,3.3,0.27549,0.382,0.00028,0.02175,0.00015,0.11521,0.00656,0.05695,8e-05,-1.5557,0.00011,0.27538,0.08305,0.72117,0.70768,3.99487,"none",0.70745,0.70758,0.70733,"Comment",500,-1,"fish1"
3.377187,0.2755256,0.3828939,-0.004668523,0.01736203,-0.00574463,188.4,486,3.4,0.28205,0.39099,0.00031,0.02197,0.00014,0.11513,0.00647,0.05618,9e-05,-1.58387,0.00013,0.28193,0.08302,0.72139,0.70741,4.09085,"none",0.70751,0.70763,0.70739,"Comment",500,-1,"fish1"
3.496826,0.2853364,0.3974625,-0.004665165,0.01845455,-0.005836096,188.6,488,3.5,0.29187,0.40556,0.00032,0.02306,5e-05,0.11536,0.00656,0.05686,9e-05,-1.49855,0.00013,0.29174,0.08298,0.71966,0.70773,4.23596,"none",0.70753,0.70763,0.70743,"Comment",500,-1,"fish1"
3.341676,0.2721235,0.3783711,-0.004613794,0.01739544,-0.005828239,188.8,490,3.4,0.27865,0.38647,0.00037,0.022,5e-05,0.115,0.00655,0.05693,0.00011,-1.63276,0.00015,0.27851,0.08288,0.72103,0.70753,4.04743,"none",0.70757,0.70766,0.70749,"Comment",500,-1,"fish1"
3.529994,0.28861,0.4012042,-0.004873151,0.01840942,-0.00589239,189,492,3.5,0.29514,0.4093,0.00011,0.02301,-1e-05,0.11534,0.00649,0.05623,3e-05,-1.50754,4e-05,0.2951,0.08315,0.72108,0.70746,4.27618,"none",0.70755,0.70764,0.70747,"Comment",500,-1,"fish1"
3.362098,0.2738132,0.3807994,-0.00455183,0.01747246,-0.005731741,189.2,494,3.4,0.28034,0.3889,0.00043,0.02208,0.00015,0.11503,0.00653,0.05677,0.00013,-1.62384,0.00017,0.28017,0.08287,0.72087,0.70746,4.07202,"none",0.70754,0.70762,0.70746,"Comment",500,-1,"fish1"
3.330977,0.2715582,0.377717,-0.004757501,0.01717702,-0.005873743,189.4,496,3.3,0.27809,0.38581,0.00023,0.02178,1e-05,0.11518,0.0065,0.05646,7e-05,-1.56769,9e-05,0.278,0.08299,0.72078,0.70776,4.03535,"none",0.70754,0.70762,0.70746,"Comment",500,-1,"fish1"
3.556456,0.2904234,0.4044254,-0.00441238,0.01875443,-0.005828497,189.6,498,3.6,0.29695,0.41252,0.00057,0.02336,5e-05,0.11538,0.00653,0.05663,0.00016,-1.48969,0.00023,0.29673,0.08299,0.71985,0.70744,4.30784,"none",0.70753,0.7076,0.70746,"Comment",500,-1,"fish1"
3.759766,0.3075888,0.4269177,-0.004638176,0.0199337,-0.005818698,190,502,3.8,0.31412,0.43501,0.00034,0.02454,6e-05,0.11513,0.00649,0.05641,9e-05,-1.58627,0.00014,0.31398,0.0831,0.72209,0.70765,4.55208,"none",0.70753,0.7076,0.70745,"Comment",500,-1,"fish1"
3.650284,0.2976823,0.4139813,-0.004501164,0.01915817,-0.005937705,190.2,504,3.7,0.30421,0.42208,0.00048,0.02376,-5e-05,0.11504,0.00648,0.0563,0.00013,-1.6205,0.00019,0.30402,0.08286,0.72075,0.70742,4.41892,"none",0.70754,0.70762,0.70747,"Comment",500,-1,"fish1"
3.718668,0.3040152,0.4225081,-0.004727249,0.01984106,-0.005666786,190.4,506,3.7,0.31054,0.4306,0.00026,0.02445,0.00022,0.11521,0.00654,0.05677,7e-05,-1.55372,1e-04,0.31044,0.08306,0.72118,0.70754,4.50294,"none",0.70756,0.70764,0.70749,"Comment",500,-1,"fish1"
3.579473,0.2916569,0.4062855,-0.004776202,0.01871097,-0.005755563,190.6,508,3.6,0.29819,0.41438,0.00021,0.02332,0.00013,0.11516,0.00648,0.05627,6e-05,-1.57319,8e-05,0.2981,0.08285,0.71959,0.70742,4.33405,"none",0.70757,0.70764,0.70749,"Comment",500,-1,"fish1"
3.715498,0.3037342,0.4224107,-0.004495292,0.01943967,-0.005882725,190.8,510,3.7,0.31026,0.43051,0.00049,0.02405,0,0.11529,0.00644,0.05585,0.00013,-1.52663,0.00019,0.31007,0.08303,0.72069,0.7076,4.4989,"none",0.7076,0.70767,0.70752,"Comment",500,-1,"fish1"
3.764691,0.3077338,0.4277489,-0.004871941,0.02015429,-0.005745162,191,512,3.8,0.31426,0.43585,0.00011,0.02476,0.00014,0.1152,0.00654,0.05681,3e-05,-1.55988,4e-05,0.31422,0.08305,0.72104,0.70751,4.55829,"none",0.70762,0.70771,0.70752,"Comment",500,-1,"fish1"
3.640405,0.2970656,0.4126012,-0.004742216,0.01922365,-0.005924693,191.2,514,3.7,0.30359,0.4207,0.00024,0.02383,-4e-05,0.11497,0.00651,0.05664,7e-05,-1.64571,1e-04,0.3035,0.08294,0.72165,0.70763,4.40721,"none",0.70769,0.70782,0.70756,"Comment",500,-1,"fish1"
3.810834,0.31153,0.4335373,-0.00491651,0.0203137,-0.005842112,191.4,516,3.8,0.31806,0.44163,7e-05,0.02492,4e-05,0.11532,0.00651,0.05642,2e-05,-1.51324,3e-05,0.31803,0.08305,0.72019,0.70765,4.6142,"none",0.70775,0.70791,0.7076,"Comment",500,-1,"fish1"
3.714365,0.3030903,0.4214193,-0.004442333,0.01987886,-0.005902952,191.6,518,3.7,0.30962,0.42952,0.00054,0.02448,-2e-05,0.11505,0.00656,0.057,0.00014,-1.61378,0.00022,0.3094,0.08288,0.72086,0.70779,4.49655,"none",0.7078,0.70794,0.70766,"Comment",500,-1,"fish1"
3.839303,0.3140782,0.4368506,-0.004576038,0.02016183,-0.005835979,191.8,520,3.9,0.32061,0.44495,0.00041,0.02477,5e-05,0.11533,0.00642,0.05566,0.00011,-1.51028,0.00016,0.32045,0.08306,0.72055,0.70774,4.64824,"none",0.70786,0.708,0.70771,"Comment",500,-1,"fish1"
3.776133,0.3089218,0.4286588,-0.004720793,0.0201006,-0.005611613,192,522,3.8,0.31545,0.43675,0.00026,0.02471,0.00027,0.11509,0.00651,0.05657,7e-05,-1.60054,1e-04,0.31535,0.0831,0.72226,0.70787,4.57172,"none",0.70792,0.70806,0.70778,"Comment",500,-1,"fish1"
3.741906,0.3056333,0.4249894,-0.004714205,0.01982057,-0.00590869,192.2,524,3.8,0.31216,0.43309,0.00027,0.02443,-3e-05,0.11516,0.0065,0.0564,7e-05,-1.57342,0.00011,0.31206,0.08298,0.72079,0.70815,4.53025,"none",0.70797,0.7081,0.70785,"Comment",500,-1,"fish1"
3.807487,0.3115169,0.4328136,-0.00470159,0.02015204,-0.00593183,192.4,526,3.8,0.31805,0.44091,0.00028,0.02476,-5e-05,0.11523,0.00647,0.05615,7e-05,-1.54657,0.00011,0.31793,0.08309,0.72134,0.70815,4.60987,"none",0.70803,0.70815,0.70792,"Comment",500,-1,"fish1"
3.709814,0.3031915,0.4209929,-0.004848458,0.01954388,-0.005800004,192.6,528,3.7,0.30972,0.42909,0.00013,0.02415,8e-05,0.11508,0.00648,0.05628,4e-05,-1.60392,5e-05,0.30967,0.08305,0.72181,0.70792,4.4915,"none",0.70808,0.70819,0.70797,"Comment",500,-1,"fish1"
3.706448,0.3029056,0.4210929,-0.004515245,0.01958985,-0.005761441,192.8,530,3.7,0.30943,0.42919,0.00047,0.0242,0.00012,0.11521,0.00649,0.05637,0.00013,-1.55446,0.00019,0.30925,0.08301,0.72098,0.70815,4.48786,"none",0.70811,0.70819,0.70803,"Comment",500,-1,"fish1"
3.509806,0.2861772,0.3974933,-0.004605285,0.01826565,-0.005888883,193,532,3.5,0.29271,0.40559,0.00038,0.02287,-1e-05,0.11494,0.00648,0.05639,0.00011,-1.65567,0.00015,0.29256,0.08291,0.72168,0.70818,4.2496,"none",0.70811,0.70819,0.70802,"Comment",500,-1,"fish1"
3.705913,0.3034479,0.4218725,-0.00493094,0.01972773,-0.005532802,193.2,534,3.7,0.30998,0.42997,5e-05,0.02433,0.00035,0.11544,0.00653,0.05659,1e-05,-1.4692,2e-05,0.30996,0.08322,0.72093,0.70813,4.48895,"none",0.70807,0.70818,0.70796,"Comment",500,-1,"fish1"
3.762261,0.30756,0.4270318,-0.004841004,0.0198745,-0.005901244,193.4,536,3.8,0.31409,0.43513,0.00014,0.02448,-2e-05,0.11508,0.00647,0.05626,4e-05,-1.60359,6e-05,0.31403,0.08305,0.72183,0.70824,4.55468,"none",0.70802,0.70815,0.70788,"Comment",500,-1,"fish1"
3.840099,0.3141922,0.4365027,-0.004556388,0.02045895,-0.005774502,193.6,538,3.9,0.32072,0.4446,0.00043,0.02506,0.00011,0.11521,0.0065,0.05638,0.00011,-1.55331,0.00017,0.32055,0.08307,0.72137,0.70826,4.64909,"none",0.70799,0.70815,0.70783,"Comment",500,-1,"fish1"
4.09348,0.3354233,0.4661109,-0.004599932,0.02213351,-0.005823518,193.8,540,4.1,0.34195,0.47421,0.00038,0.02674,6e-05,0.11532,0.0065,0.05639,9e-05,-1.5152,0.00015,0.3418,0.08312,0.7211,0.70806,4.955,"none",0.70793,0.7081,0.70775,"Comment",500,-1,"fish1"
3.955622,0.3233822,0.449493,-0.004784925,0.02120306,-0.005695252,194,542,4,0.32991,0.45759,2e-04,0.02581,0.00019,0.11513,0.00649,0.0564,5e-05,-1.58371,8e-05,0.32983,0.08299,0.72098,0.70783,4.78763,"none",0.70788,0.70805,0.70771,"Comment",500,-1,"fish1"
3.718271,0.3034552,0.4214405,-0.004711206,0.01976551,-0.005856461,194.2,544,3.7,0.30998,0.42954,0.00027,0.02437,3e-05,0.11494,0.00652,0.05674,7e-05,-1.65715,0.00011,0.30988,0.08292,0.72167,0.70776,4.50083,"none",0.70784,0.708,0.70768,"Comment",500,-1,"fish1"
3.854441,0.3151964,0.4385448,-0.004418016,0.02066713,-0.005741702,194.4,546,3.9,0.32173,0.44664,0.00056,0.02527,0.00014,0.11532,0.00652,0.05658,0.00015,-1.51532,0.00023,0.3215,0.08301,0.72032,0.70765,4.66663,"none",0.7078,0.70793,0.70766,"Comment",500,-1,"fish1"
4.0069,0.3278592,0.4559723,-0.004859608,0.02151446,-0.005668521,194.6,548,4,0.33439,0.46407,0.00012,0.02612,0.00021,0.11528,0.00649,0.05628,3e-05,-1.5297,5e-05,0.33434,0.08305,0.72056,0.70763,4.8502,"none",0.70775,0.70784,0.70766,"Comment",500,-1,"fish1"
3.893797,0.3183346,0.4422394,-0.004430148,0.02089274,-0.005853413,194.8,550,3.9,0.32486,0.45034,0.00055,0.0255,3e-05,0.1151,0.00652,0.05662,0.00014,-1.5968,0.00022,0.32464,0.08297,0.72138,0.70754,4.71305,"none",0.70773,0.70779,0.70767,"Comment",500,-1,"fish1"
3.861405,0.315439,0.4385789,-0.004901639,0.02059902,-0.005716052,195,552,3.9,0.32197,0.44668,8e-05,0.0252,0.00017,0.11512,0.0065,0.05643,2e-05,-1.59019,3e-05,0.32194,0.08297,0.72081,0.70769,4.674,"none",0.70773,0.70779,0.70767,"Comment",500,-1,"fish1"
3.607773,0.2939293,0.4082431,-0.00470187,0.01875062,-0.005873677,195.2,554,3.6,0.30046,0.41634,0.00028,0.02336,1e-05,0.1148,0.00644,0.0561,8e-05,-1.70906,0.00011,0.30035,0.08282,0.72167,0.70774,4.36659,"none",0.70773,0.70779,0.70767,"Comment",500,-1,"fish1"
3.727835,0.3049589,0.4239607,-0.004592333,0.01995372,-0.005855354,195.4,556,3.7,0.31149,0.43206,0.00039,0.02456,3e-05,0.11532,0.00656,0.05684,1e-04,-1.51376,0.00016,0.31133,0.0831,0.72094,0.70781,4.51456,"none",0.70775,0.70781,0.70768,"Comment",500,-1,"fish1"
3.768298,0.3080682,0.4279758,-0.004621308,0.01985764,-0.005626289,195.6,558,3.8,0.3146,0.43607,0.00036,0.02446,0.00026,0.11515,0.00646,0.0561,1e-04,-1.5787,0.00014,0.31445,0.08303,0.72143,0.70777,4.56206,"none",0.70777,0.70783,0.70771,"Comment",500,-1,"fish1"
4.008172,0.328235,0.4563029,-0.004608157,0.02137595,-0.005948378,195.8,560,4,0.33476,0.4644,0.00037,0.02598,-7e-05,0.11532,0.00645,0.05595,9e-05,-1.51245,0.00015,0.33461,0.08309,0.72085,0.70784,4.85194,"none",0.70781,0.70784,0.70777,"Comment",500,-1,"fish1"
4.060667,0.3322389,0.4621947,-0.004633619,0.02191723,-0.005784292,196,562,4.1,0.33877,0.47029,0.00035,0.02652,1e-04,0.11528,0.0065,0.0564,9e-05,-1.52745,0.00014,0.33863,0.08301,0.72034,0.70782,4.91489,"none",0.70781,0.70784,0.70778,"Comment",500,-1,"fish1"
3.864275,0.3154419,0.4378245,-0.004542605,0.02052773,-0.005798025,196.2,564,3.9,0.32197,0.44592,0.00044,0.02513,8e-05,0.11484,0.00647,0.05636,0.00011,-1.69596,0.00018,0.32179,0.08287,0.72204,0.70781,4.6759,"none",0.70778,0.70786,0.70771,"Comment",500,-1,"fish1"
3.774788,0.3083799,0.4283624,-0.004780585,0.01998063,-0.005642978,196.4,566,3.8,0.31491,0.43646,2e-04,0.02459,0.00024,0.11505,0.00648,0.05633,5e-05,-1.61466,8e-05,0.31483,0.08299,0.72151,0.7078,4.56944,"none",0.70774,0.70785,0.70764,"Comment",500,-1,"fish1"
3.715788,0.3036108,0.4217507,-0.0046289,0.0195673,-0.00595497,196.6,568,3.7,0.31014,0.42985,0.00035,0.02417,-7e-05,0.1151,0.00647,0.05624,9e-05,-1.59679,0.00014,0.31,0.08301,0.72151,0.70785,4.49858,"none",0.70772,0.70783,0.70761,"Comment",500,-1,"fish1"
3.476713,0.2834563,0.3936554,-0.004874493,0.01804536,-0.005782939,196.8,570,3.5,0.28999,0.40175,0.00011,0.02265,1e-04,0.11493,0.00648,0.05638,3e-05,-1.65936,4e-05,0.28994,0.08295,0.7218,0.70792,4.20983,"none",0.70766,0.7078,0.70752,"Comment",500,-1,"fish1"
3.558831,0.290624,0.4040922,-0.004592125,0.01869925,-0.005691762,197,572,3.6,0.29715,0.41219,0.00039,0.0233,0.00019,0.11521,0.00651,0.05654,0.00011,-1.55377,0.00016,0.297,0.08302,0.72092,0.70775,4.3101,"none",0.70761,0.70776,0.70745,"Comment",500,-1,"fish1"
4.034679,0.330684,0.46004,-0.004487608,0.02165063,-0.005788288,197.2,574,4.1,0.33721,0.46814,5e-04,0.02626,9e-05,0.11549,0.00648,0.05609,0.00012,-1.44915,2e-04,0.33702,0.08314,0.72033,0.70748,4.88486,"none",0.70757,0.70772,0.70742,"Comment",500,-1,"fish1"
3.79966,0.3099992,0.4310239,-0.004789274,0.02021128,-0.00600782,197.4,576,3.8,0.31653,0.43912,0.00019,0.02482,-0.00012,0.115,0.0065,0.05651,5e-05,-1.63449,8e-05,0.31645,0.08287,0.72082,0.7074,4.59882,"none",0.70755,0.7077,0.70741,"Comment",500,-1,"fish1"
3.860404,0.3153036,0.4389878,-0.004389088,0.0206922,-0.005755641,197.6,578,3.9,0.32183,0.44708,0.00059,0.0253,0.00013,0.11525,0.00652,0.05658,0.00015,-1.53913,0.00024,0.3216,0.0829,0.71985,0.70754,4.67316,"none",0.70752,0.70764,0.70739,"Comment",500,-1,"fish1"
3.626012,0.295667,0.4109154,-0.004968571,0.0191106,-0.005857372,197.8,580,3.6,0.3022,0.41901,1e-05,0.02372,3e-05,0.11496,0.00651,0.0566,0,-1.64893,1e-05,0.30219,0.08291,0.72121,0.70725,4.38971,"none",0.70751,0.70763,0.70739,"Comment",500,-1,"fish1"
3.525244,0.287925,0.3996239,-0.004594035,0.01841653,-0.005774338,198,582,3.5,0.29445,0.40772,0.00039,0.02302,0.00011,0.11504,0.0065,0.05646,0.00011,-1.61764,0.00016,0.2943,0.08304,0.7222,0.70729,4.26906,"none",0.70754,0.7077,0.70738,"Comment",500,-1,"fish1"
3.291492,0.2675839,0.3723078,-0.004648178,0.01696891,-0.005857593,198.2,584,3.3,0.27411,0.3804,0.00033,0.02157,3e-05,0.11492,0.00652,0.05671,1e-04,-1.66616,0.00013,0.27398,0.08277,0.72058,0.70743,3.98623,"none",0.70759,0.70777,0.70741,"Comment",500,-1,"fish1"
3.137399,0.2553071,0.3552572,-0.004840344,0.01571766,-0.005745817,198.4,586,3.2,0.26184,0.36335,0.00014,0.02032,0.00014,0.11512,0.00644,0.05593,5e-05,-1.58735,6e-05,0.26178,0.08294,0.72061,0.7076,3.80163,"none",0.70765,0.70784,0.70746,"Comment",500,-1,"fish1"
3.13622,0.255255,0.3548667,-0.004492557,0.01601985,-0.005837955,198.6,588,3.2,0.26178,0.36296,0.00049,0.02063,4e-05,0.11504,0.00654,0.05682,0.00016,-1.61789,2e-04,0.26159,0.08291,0.72124,0.70748,3.80017,"none",0.7077,0.70791,0.7075,"Comment",500,-1,"fish1"
3.204589,0.261363,0.3632414,-0.004870387,0.01626051,-0.006100913,198.8,590,3.2,0.26789,0.37134,0.00011,0.02087,-0.00022,0.1152,0.00647,0.05619,3e-05,-1.55815,4e-05,0.26785,0.0831,0.72143,0.70787,3.88342,"none",0.70776,0.70794,0.70758,"Comment",500,-1,"fish1"
3.439688,0.2809602,0.3909174,-0.004640648,0.01786093,-0.005624501,199,592,3.5,0.28749,0.39901,0.00034,0.02247,0.00026,0.11537,0.0065,0.0563,1e-04,-1.4935,0.00014,0.28735,0.08309,0.7205,0.70806,4.1673,"none",0.70781,0.70796,0.70766,"Comment",500,-1,"fish1"
3.282807,0.2675968,0.3715215,-0.004871237,0.01682393,-0.005867674,199.2,594,3.3,0.27413,0.37962,0.00011,0.02143,2e-05,0.11498,0.00649,0.05645,3e-05,-1.64187,4e-05,0.27408,0.08302,0.72211,0.70795,3.97671,"none",0.70787,0.708,0.70774,"Comment",500,-1,"fish1"
3.042553,0.2477284,0.3440281,-0.004711853,0.01528552,-0.005882179,199.4,596,3.1,0.25426,0.35212,0.00027,0.01989,0,0.11502,0.0065,0.05649,9e-05,-1.62566,0.00011,0.25415,0.08302,0.72207,0.70804,3.68749,"none",0.7079,0.70801,0.70778,"Comment",500,-1,"fish1"
2.812768,0.2280055,0.31732,-0.004826901,0.0137822,-0.005667641,199.6,598,2.8,0.23453,0.32542,0.00016,0.01839,0.00022,0.11493,0.00649,0.0565,6e-05,-1.66276,6e-05,0.23447,0.08281,0.72072,0.70806,3.40982,"none",0.70793,0.708,0.70786,"Comment",500,-1,"fish1"
2.907597,0.2370667,0.3295582,-0.004737983,0.01436258,-0.005786215,199.8,600,2.9,0.2436,0.33765,0.00024,0.01897,1e-04,0.11538,0.00648,0.05618,8e-05,-1.48967,1e-04,0.2435,0.08321,0.72144,0.70781,3.52649,"none",0.70793,0.708,0.70786,"Comment",500,-1,"fish1"
2.932147,0.2385418,0.3317092,-0.004804507,0.01456365,-0.005910869,200,602,3,0.24507,0.33981,0.00018,0.01917,-3e-05,0.11515,0.0065,0.05641,6e-05,-1.5769,7e-05,0.245,0.08302,0.72121,0.70779,3.5549,"none",0.70789,0.70798,0.70781,"Comment",500,-1,"fish1"
2.97242,0.2417596,0.3365887,-0.004604055,0.0148246,-0.005807054,200.2,604,3,0.24829,0.34468,0.00038,0.01943,8e-05,0.11523,0.0065,0.05637,0.00013,-1.54633,0.00015,0.24814,0.08296,0.72034,0.70805,3.60345,"none",0.70786,0.70796,0.70776,"Comment",500,-1,"fish1"
3.128238,0.2551349,0.3547335,-0.004671951,0.01578982,-0.00597334,200.4,606,3.1,0.26166,0.36283,0.00031,0.0204,-9e-05,0.11529,0.00648,0.05621,1e-04,-1.5236,0.00012,0.26154,0.08311,0.72118,0.70785,3.79178,"none",0.7078,0.70792,0.70768,"Comment",500,-1,"fish1"
3.180011,0.2592941,0.3604392,-0.004645781,0.01626321,-0.005821816,200.6,608,3.2,0.26582,0.36854,0.00034,0.02087,6e-05,0.11521,0.00652,0.05663,0.00011,-1.5547,0.00013,0.26569,0.08306,0.7213,0.70783,3.85388,"none",0.70773,0.70786,0.7076,"Comment",500,-1,"fish1"
3.24475,0.264347,0.3676551,-0.005019262,0.01638992,-0.005693172,200.8,610,3.3,0.27088,0.37575,-4e-05,0.021,0.00019,0.11514,0.00643,0.05588,-1e-05,-1.58281,-1e-05,0.27089,0.08301,0.72089,0.7079,3.93116,"none",0.70768,0.70784,0.70753,"Comment",500,-1,"fish1"
3.056571,0.2487696,0.3456706,-0.004618293,0.015503,-0.0059365,201,612,3.1,0.2553,0.35377,0.00036,0.02011,-5e-05,0.11503,0.00654,0.05684,0.00012,-1.62195,0.00015,0.25515,0.08297,0.72166,0.70765,3.70438,"none",0.70767,0.70782,0.70751,"Comment",500,-1,"fish1"
2.193825,0.1765812,0.2452795,-0.004876491,0.009592432,-0.005861534,201.4,616,2.2,0.18311,0.25338,0.00011,0.0142,2e-05,0.11451,0.00642,0.05603,5e-05,-1.81853,4e-05,0.18307,0.08274,0.72268,0.70761,2.66324,"none",0.70762,0.70778,0.70747,"Comment",500,-1,"fish1"
1.716564,0.1370464,0.1908115,-0.004913241,0.00666598,-0.005806601,201.6,618,1.7,0.14358,0.19891,7e-05,0.01127,8e-05,0.11462,0.0065,0.05667,4e-05,-1.77793,3e-05,0.14355,0.08272,0.72182,0.70745,2.08907,"none",0.70759,0.70774,0.70743,"Comment",500,-1,"fish1"
0.989356,0.07702293,0.1073086,-0.00471447,0.001883581,-0.005914455,202,622,1,0.08355,0.1154,0.00027,0.00649,-3e-05,0.11447,0.00644,0.05623,0.00027,-1.83414,0.00011,0.08344,0.08277,0.72399,0.70736,1.21347,"none",0.70755,0.7077,0.70739,"Comment",500,-1,"fish1"
0.6703027,0.05029663,0.07052072,-0.005110792,-0.000119509,-0.005781069,202.2,624,0.7,0.05683,0.07862,-0.00013,0.00449,1e-04,0.11409,0.00651,0.05706,-0.00019,-1.98044,-5e-05,0.05688,0.08254,0.72282,0.70732,0.82906,"none",0.70748,0.70763,0.70732,"Comment",500,-1,"fish1"
