"RunFile_ID","Sample_ID","User_initials","Sample_Type","ShinyDate","Comment","Flag","region","Raw88","Raw87","Raw86","Raw85","Raw84","Raw83","CycleSecs","distance","Sr88","Net87","Sr86","Rb85","Net84","Kr83","Sr8688","Sr8488","Sr8486","Rb85Sr88","MbFactor","Rb87","Sr87","Sr87Sr88","Net87Sr86","Sr87Sr86","totalSr","MA","MAp2SE","MAm2SE","RunSpeed","Raw88LowerThresh","Raw88UpperThresh","Smoother","Smooth_parameter","TrimLeft","TrimRight","Fluency","SpotSize","LaserEnergy","IntegrationTime","OutlierNum","CIoutliers","Length (um)"
"Yolo_bypass_2015_DS_01_B4","","","IsoFish",2017-07-07,"","No","none",3.01518,0.2480178,0.3460676,-0.003775066,0.01652245,-0.005124747,42.3,4,3,0.25279,0.35213,6e-04,0.02027,0.00022,0.11655,0.00671,0.05757,2e-04,-1.05165,0.00024,0.25256,0.08359,0.7179,0.70797,3.64626,0.70698,0.70745,0.70652,10,0.5,9.8,"Moving average",10,-1,-1,1.85,40,55,5,50,"0.975",494
"Yolo_bypass_2015_DS_01_B4","","","IsoFish",2017-07-07,"","No","none",3.876918,0.3190482,0.4444765,-0.004475492,0.02185169,-0.005581146,42.5,6,3.9,0.32383,0.45054,-1e-04,0.0256,-0.00024,0.11603,0.00659,0.05682,-3e-05,-1.24703,-4e-05,0.32387,0.08341,0.71875,0.70759,4.68304,0.70684,0.70731,0.70638,10,0.5,9.8,"Moving average",10,-1,-1,1.85,40,55,5,50,"0.975",494
"Yolo_bypass_2015_DS_01_B4","","","IsoFish",2017-07-07,"","No","none",4.272226,0.3507854,0.4886726,-0.00387308,0.02486558,-0.005123226,42.7,8,4.3,0.35556,0.49474,5e-04,0.02862,0.00022,0.11564,0.00669,0.05784,0.00012,-1.39379,2e-04,0.35536,0.08306,0.71869,0.70728,5.15706,0.70675,0.70721,0.70628,10,0.5,9.8,"Moving average",10,-1,-1,1.85,40,55,5,50,"0.975",494
"Yolo_bypass_2015_DS_01_B4","","","IsoFish",2017-07-07,"","No","none",4.400783,0.3607622,0.5022731,-0.004067621,0.02577723,-0.005403609,42.9,10,4.4,0.36554,0.50834,3e-04,0.02953,-6e-05,0.11535,0.0067,0.05809,7e-05,-1.50203,0.00012,0.36542,0.08292,0.71909,0.70671,5.31018,0.70668,0.70714,0.70621,10,0.5,9.8,"Moving average",10,-1,-1,1.85,40,55,5,50,"0.975",494
"Yolo_bypass_2015_DS_01_B4","","","IsoFish",2017-07-07,"","No","none",4.708136,0.3863307,0.5388123,-0.004256649,0.02753839,-0.005396782,43.1,12,4.7,0.39111,0.54488,0.00011,0.03129,-5e-05,0.11558,0.00664,0.05742,2e-05,-1.41519,5e-05,0.39106,0.08295,0.71779,0.70629,5.68148,0.70662,0.70708,0.70615,10,0.5,9.8,"Moving average",10,-1,-1,1.85,40,55,5,50,"0.975",494
"Yolo_bypass_2015_DS_01_B4","","","IsoFish",2017-07-07,"","No","none",4.512755,0.369331,0.5141732,-0.003891171,0.02643877,-0.00491609,43.3,14,4.5,0.37411,0.52024,0.00048,0.03019,0.00043,0.11513,0.00668,0.05803,0.00011,-1.58695,0.00019,0.37392,0.08275,0.71911,0.70606,5.44321,0.70643,0.70679,0.70607,10,0.5,9.8,"Moving average",10,-1,-1,1.85,40,55,5,50,"0.975",494
"Yolo_bypass_2015_DS_01_B4","","","IsoFish",2017-07-07,"","No","none",4.499575,0.3687843,0.5134919,-0.004311692,0.02625572,-0.00529268,43.5,16,4.5,0.37356,0.51956,6e-05,0.03001,5e-05,0.11531,0.00666,0.05775,1e-05,-1.51685,2e-05,0.37354,0.0829,0.719,0.70601,5.42879,0.7063,0.70656,0.70605,10,0.5,9.8,"Moving average",10,-1,-1,1.85,40,55,5,50,"0.975",494
"Yolo_bypass_2015_DS_01_B4","","","IsoFish",2017-07-07,"","No","none",4.529799,0.3711838,0.5175937,-0.004081788,0.02623085,-0.005501276,43.7,18,4.5,0.37596,0.52366,0.00029,0.02998,-0.00016,0.11545,0.00661,0.05725,6e-05,-1.46556,0.00012,0.37585,0.08286,0.71795,0.70608,5.4654,0.70621,0.70635,0.70608,10,0.5,9.8,"Moving average",10,-1,-1,1.85,40,55,5,50,"0.975",494
"Yolo_bypass_2015_DS_01_B4","","","IsoFish",2017-07-07,"","No","none",4.483119,0.3672118,0.51138,-0.004368572,0.02614436,-0.005049334,43.9,20,4.5,0.37199,0.51744,0,0.02989,0.00029,0.11526,0.00666,0.05777,0,-1.53488,0,0.37199,0.08286,0.7189,0.7061,5.40856,0.7062,0.70632,0.70609,10,0.5,9.8,"Moving average",10,-1,-1,1.85,40,55,5,50,"0.975",494
"Yolo_bypass_2015_DS_01_B4","","","IsoFish",2017-07-07,"","No","none",4.300056,0.3521973,0.490048,-0.003948495,0.02479632,-0.005400227,44.1,22,4.3,0.35697,0.49611,0.00042,0.02855,-6e-05,0.11521,0.00663,0.05754,1e-04,-1.55519,0.00017,0.35681,0.08286,0.71954,0.70607,5.18764,0.70623,0.70637,0.70609,10,0.5,9.8,"Moving average",10,-1,-1,1.85,40,55,5,50,"0.975",494
"Yolo_bypass_2015_DS_01_B4","","","IsoFish",2017-07-07,"","No","none",4.53017,0.3713794,0.5175238,-0.003714336,0.02613413,-0.005150075,44.3,24,4.5,0.37616,0.52359,0.00066,0.02988,0.00019,0.11542,0.00659,0.05707,0.00014,-1.47493,0.00026,0.37589,0.08286,0.71842,0.70616,5.46565,0.70628,0.70643,0.70614,10,0.5,9.8,"Moving average",10,-1,-1,1.85,40,55,5,50,"0.975",494
"Yolo_bypass_2015_DS_01_B4","","","IsoFish",2017-07-07,"","No","none",4.536199,0.3715928,0.5177277,-0.004657581,0.02639499,-0.005234301,44.5,26,4.5,0.37637,0.52379,-0.00029,0.03014,0.00011,0.11531,0.00664,0.05755,-6e-05,-1.5158,-0.00011,0.37648,0.08288,0.71855,0.70628,5.47274,0.70633,0.70646,0.70619,10,0.5,9.8,"Moving average",10,-1,-1,1.85,40,55,5,50,"0.975",494
"Yolo_bypass_2015_DS_01_B4","","","IsoFish",2017-07-07,"","No","none",4.561941,0.3737551,0.520462,-0.004164552,0.02643985,-0.005319289,44.7,28,4.6,0.37853,0.52653,0.00021,0.03019,2e-05,0.11526,0.00661,0.05734,5e-05,-1.53515,8e-05,0.37845,0.08285,0.71892,0.70639,5.50322,0.70634,0.70647,0.70621,10,0.5,9.8,"Moving average",10,-1,-1,1.85,40,55,5,50,"0.975",494
"Yolo_bypass_2015_DS_01_B4","","","IsoFish",2017-07-07,"","No","none",4.760757,0.3909944,0.5443909,-0.004202432,0.02774197,-0.005166398,44.9,30,4.8,0.39577,0.55046,0.00017,0.03149,0.00018,0.11548,0.00661,0.05721,4e-05,-1.45498,7e-05,0.3957,0.08301,0.71899,0.70658,5.74453,0.70635,0.70647,0.70622,10,0.5,9.8,"Moving average",10,-1,-1,1.85,40,55,5,50,"0.975",494
"Yolo_bypass_2015_DS_01_B4","","","IsoFish",2017-07-07,"","No","none",4.761414,0.3908897,0.5437155,-0.004012992,0.02790565,-0.005258785,45.1,32,4.8,0.39567,0.54978,0.00036,0.03166,9e-05,0.11532,0.00664,0.05758,8e-05,-1.51442,0.00014,0.39552,0.08296,0.71968,0.70657,5.74449,0.70637,0.70648,0.70626,10,0.5,9.8,"Moving average",10,-1,-1,1.85,40,55,5,50,"0.975",494
"Yolo_bypass_2015_DS_01_B4","","","IsoFish",2017-07-07,"","No","none",4.786401,0.3928023,0.5465828,-0.004116491,0.02795401,-0.005408683,45.3,34,4.8,0.39758,0.55265,0.00025,0.0317,-6e-05,0.11531,0.00662,0.05737,5e-05,-1.51553,1e-04,0.39748,0.08294,0.71941,0.7066,5.77435,0.70639,0.70649,0.70629,10,0.5,9.8,"Moving average",10,-1,-1,1.85,40,55,5,50,"0.975",494
"Yolo_bypass_2015_DS_01_B4","","","IsoFish",2017-07-07,"","No","none",4.888319,0.401162,0.5589105,-0.004111519,0.02845637,-0.005124965,45.5,36,4.9,0.40594,0.56498,0.00026,0.03221,0.00022,0.11543,0.00658,0.057,5e-05,-1.4712,1e-04,0.40584,0.08292,0.71851,0.70643,5.89745,0.70639,0.70649,0.7063,10,0.5,9.8,"Moving average",10,-1,-1,1.85,40,55,5,50,"0.975",494
"Yolo_bypass_2015_DS_01_B4","","","IsoFish",2017-07-07,"","No","none",4.818299,0.3949279,0.5500258,-0.004574876,0.02798426,-0.005564942,45.7,38,4.8,0.3997,0.55609,-2e-04,0.03173,-0.00022,0.11527,0.00658,0.05707,-4e-05,-1.53395,-8e-05,0.39979,0.08287,0.71878,0.70622,5.81203,0.70642,0.70654,0.70631,10,0.5,9.8,"Moving average",10,-1,-1,1.85,40,55,5,50,"0.975",494
"Yolo_bypass_2015_DS_01_B4","","","IsoFish",2017-07-07,"","No","none",4.544313,0.372168,0.5179262,-0.003900229,0.02638332,-0.004936525,45.9,40,4.6,0.37695,0.52399,0.00047,0.03013,0.00041,0.11515,0.00662,0.05751,1e-04,-1.57699,0.00019,0.37676,0.0828,0.71937,0.70616,5.48131,0.70642,0.70653,0.70631,10,0.5,9.8,"Moving average",10,-1,-1,1.85,40,55,5,50,"0.975",494
"Yolo_bypass_2015_DS_01_B4","","","IsoFish",2017-07-07,"","No","none",4.510127,0.3693315,0.5147437,-0.004436668,0.02627535,-0.005409485,46.1,42,4.5,0.37411,0.52081,-7e-05,0.03002,-7e-05,0.11532,0.00665,0.05765,-1e-05,-1.51392,-3e-05,0.37413,0.08284,0.71832,0.70629,5.44121,0.70642,0.70653,0.70631,10,0.5,9.8,"Moving average",10,-1,-1,1.85,40,55,5,50,"0.975",494
"Yolo_bypass_2015_DS_01_B4","","","IsoFish",2017-07-07,"","No","none",4.574104,0.3751784,0.5225803,-0.004161593,0.02621407,-0.005117808,46.3,44,4.6,0.37996,0.52864,0.00021,0.02996,0.00023,0.11542,0.00654,0.05668,5e-05,-1.47612,8e-05,0.37987,0.08294,0.71873,0.70634,5.5187,0.7064,0.70651,0.7063,10,0.5,9.8,"Moving average",10,-1,-1,1.85,40,55,5,50,"0.975",494
"Yolo_bypass_2015_DS_01_B4","","","IsoFish",2017-07-07,"","No","none",4.77399,0.3920265,0.5455355,-0.004015496,0.0280689,-0.005311101,46.5,46,4.8,0.3968,0.5516,0.00036,0.03182,3e-05,0.11539,0.00666,0.05768,7e-05,-1.48523,0.00014,0.39666,0.08298,0.71937,0.70634,5.76019,0.70643,0.70655,0.70631,10,0.5,9.8,"Moving average",10,-1,-1,1.85,40,55,5,50,"0.975",494
"Yolo_bypass_2015_DS_01_B4","","","IsoFish",2017-07-07,"","No","none",4.832683,0.3966972,0.5524024,-0.0040964,0.02813718,-0.005307463,46.7,48,4.8,0.40147,0.55847,0.00027,0.03189,4e-05,0.11541,0.00659,0.0571,6e-05,-1.4779,0.00011,0.40136,0.08295,0.71889,0.70669,5.83052,0.70646,0.70657,0.70635,10,0.5,9.8,"Moving average",10,-1,-1,1.85,40,55,5,50,"0.975",494
"Yolo_bypass_2015_DS_01_B4","","","IsoFish",2017-07-07,"","No","none",4.791894,0.3927508,0.5472088,-0.004379053,0.02783683,-0.005281137,46.9,50,4.8,0.39753,0.55327,-1e-05,0.03159,6e-05,0.11531,0.00658,0.05709,0,-1.51612,0,0.39753,0.08285,0.7185,0.70655,5.7804,0.70651,0.7066,0.70642,10,0.5,9.8,"Moving average",10,-1,-1,1.85,40,55,5,50,"0.975",494
"Yolo_bypass_2015_DS_01_B4","","","IsoFish",2017-07-07,"","No","none",4.953709,0.4075987,0.5665217,-0.003772594,0.02900468,-0.005190069,47.1,52,5,0.41238,0.57259,6e-04,0.03275,0.00015,0.11544,0.0066,0.0572,0.00012,-1.46641,0.00024,0.41214,0.0831,0.7202,0.70655,5.9773,0.70654,0.70662,0.70646,10,0.5,9.8,"Moving average",10,-1,-1,1.85,40,55,5,50,"0.975",494
"Yolo_bypass_2015_DS_01_B4","","","IsoFish",2017-07-07,"","No","none",5.07511,0.4161336,0.5801558,-0.00437876,0.02967761,-0.005355804,47.7,58,5.1,0.42091,0.58622,-1e-05,0.03343,-1e-05,0.11537,0.00658,0.05702,0,-1.49469,0,0.42091,0.08284,0.71801,0.70647,6.12179,0.70658,0.70665,0.70651,10,0.5,9.8,"Moving average",10,-1,-1,1.85,40,55,5,50,"0.975",494
"Yolo_bypass_2015_DS_01_B4","","","IsoFish",2017-07-07,"","No","none",5.359418,0.4406587,0.613576,-0.004269751,0.0314898,-0.005318862,47.9,60,5.4,0.44544,0.61964,1e-04,0.03524,3e-05,0.11549,0.00657,0.05687,2e-05,-1.45114,4e-05,0.4454,0.08301,0.71886,0.70668,6.46581,0.70661,0.70665,0.70656,10,0.5,9.8,"Moving average",10,-1,-1,1.85,40,55,5,50,"0.975",494
"Yolo_bypass_2015_DS_01_B4","","","IsoFish",2017-07-07,"","No","none",5.114557,0.4196258,0.5843943,-0.004188907,0.03005262,-0.005104837,48.1,62,5.1,0.4244,0.59046,0.00018,0.0338,0.00024,0.11531,0.0066,0.05725,4e-05,-1.51772,7e-05,0.42433,0.08287,0.71877,0.70657,6.16927,0.70658,0.70663,0.70654,10,0.5,9.8,"Moving average",10,-1,-1,1.85,40,55,5,50,"0.975",494
"Yolo_bypass_2015_DS_01_B4","","","IsoFish",2017-07-07,"","No","none",5.031897,0.4129969,0.5741115,-0.004303167,0.02936191,-0.00533909,48.3,64,5,0.41777,0.58018,7e-05,0.03311,1e-05,0.11516,0.00657,0.05707,1e-05,-1.57406,3e-05,0.41775,0.08292,0.72008,0.70663,6.06905,0.70658,0.70663,0.70652,10,0.5,9.8,"Moving average",10,-1,-1,1.85,40,55,5,50,"0.975",494
"Yolo_bypass_2015_DS_01_B4","","","IsoFish",2017-07-07,"","No","none",5.326706,0.4381941,0.6099441,-0.004252881,0.03146631,-0.005164243,48.5,66,5.3,0.44297,0.61601,0.00012,0.03522,0.00018,0.11551,0.0066,0.05717,2e-05,-1.44083,5e-05,0.44292,0.08306,0.7191,0.70661,6.42697,0.70657,0.70662,0.70652,10,0.5,9.8,"Moving average",10,-1,-1,1.85,40,55,5,50,"0.975",494
"Yolo_bypass_2015_DS_01_B4","","","IsoFish",2017-07-07,"","No","none",5.296928,0.434607,0.6052998,-0.00422577,0.03121756,-0.005053307,48.7,68,5.3,0.43938,0.61136,0.00015,0.03497,0.00029,0.11529,0.00659,0.0572,3e-05,-1.52651,6e-05,0.43933,0.08284,0.71869,0.70669,6.3887,0.70656,0.70663,0.7065,10,0.5,9.8,"Moving average",10,-1,-1,1.85,40,55,5,50,"0.975",494
"Yolo_bypass_2015_DS_01_B4","","","IsoFish",2017-07-07,"","No","none",5.528028,0.4545565,0.6331085,-0.004369214,0.03252501,-0.005378769,48.9,70,5.5,0.45933,0.63917,0,0.03627,-3e-05,0.1155,0.00655,0.05675,0,-1.44702,0,0.45933,0.083,0.71864,0.70661,6.66893,0.70653,0.7066,0.70646,10,0.5,9.8,"Moving average",10,-1,-1,1.85,40,55,5,50,"0.975",494
"Yolo_bypass_2015_DS_01_B4","","","IsoFish",2017-07-07,"","No","none",5.571221,0.4578889,0.6373645,-0.004043957,0.03314551,-0.005150676,49.1,72,5.6,0.46267,0.64343,0.00033,0.0369,0.00019,0.11536,0.00662,0.05734,6e-05,-1.49655,0.00013,0.46254,0.08293,0.71906,0.70648,6.7202,0.7065,0.70659,0.70642,10,0.5,9.8,"Moving average",10,-1,-1,1.85,40,55,5,50,"0.975",494
"Yolo_bypass_2015_DS_01_B4","","","IsoFish",2017-07-07,"","No","none",5.41158,0.4445718,0.6188555,-0.004416774,0.03165872,-0.005268795,49.5,76,5.4,0.44935,0.62492,-5e-05,0.03541,8e-05,0.11535,0.00654,0.05666,-1e-05,-1.50297,-2e-05,0.44937,0.08294,0.71905,0.70646,6.52739,0.70648,0.70656,0.7064,10,0.5,9.8,"Moving average",10,-1,-1,1.85,40,55,5,50,"0.975",494
"Yolo_bypass_2015_DS_01_B4","","","IsoFish",2017-07-07,"","No","none",5.488963,0.4509061,0.6277178,-0.004260855,0.03248452,-0.005201795,49.7,78,5.5,0.45568,0.63378,0.00011,0.03623,0.00014,0.11534,0.00659,0.05717,2e-05,-1.50734,4e-05,0.45564,0.08292,0.71899,0.7065,6.62074,0.70646,0.70653,0.70638,10,0.5,9.8,"Moving average",10,-1,-1,1.85,40,55,5,50,"0.975",494
"Yolo_bypass_2015_DS_01_B4","","","IsoFish",2017-07-07,"","No","none",5.353147,0.4391613,0.6116471,-0.004193435,0.03131286,-0.005320319,49.9,80,5.4,0.44394,0.61771,0.00018,0.03506,2e-05,0.11526,0.00654,0.05676,3e-05,-1.53595,7e-05,0.44387,0.08282,0.71868,0.70637,6.45591,0.70644,0.7065,0.70638,10,0.5,9.8,"Moving average",10,-1,-1,1.85,40,55,5,50,"0.975",494
"Yolo_bypass_2015_DS_01_B4","","","IsoFish",2017-07-07,"","No","none",5.749907,0.4731897,0.6590848,-0.004425942,0.03410519,-0.005182478,50.1,82,5.8,0.47797,0.66515,-5e-05,0.03785,0.00016,0.11556,0.00658,0.05691,-1e-05,-1.4241,-2e-05,0.47799,0.08304,0.71859,0.70639,6.93702,0.70643,0.70647,0.70638,10,0.5,9.8,"Moving average",10,-1,-1,1.85,40,55,5,50,"0.975",494
"Yolo_bypass_2015_DS_01_B4","","","IsoFish",2017-07-07,"","No","none",5.602772,0.460122,0.6411439,-0.004096025,0.03335335,-0.005387106,50.3,84,5.6,0.4649,0.64721,0.00028,0.0371,-4e-05,0.11539,0.00662,0.05733,5e-05,-1.48717,0.00011,0.46479,0.08287,0.71831,0.70628,6.75799,0.70645,0.70654,0.70637,10,0.5,9.8,"Moving average",10,-1,-1,1.85,40,55,5,50,"0.975",494
"Yolo_bypass_2015_DS_01_B4","","","IsoFish",2017-07-07,"","No","none",5.656276,0.4650048,0.6472643,-0.00436949,0.03315061,-0.005069409,50.5,86,5.7,0.46978,0.65333,0,0.0369,0.00027,0.11538,0.00652,0.05648,0,-1.49073,0,0.46978,0.08297,0.71906,0.7064,6.8224,0.70648,0.70659,0.70638,10,0.5,9.8,"Moving average",10,-1,-1,1.85,40,55,5,50,"0.975",494
"Yolo_bypass_2015_DS_01_B4","","","IsoFish",2017-07-07,"","No","none",5.581763,0.4583384,0.6384553,-0.004032489,0.03291567,-0.005234881,50.7,88,5.6,0.46312,0.64452,0.00034,0.03667,0.00011,0.11534,0.00656,0.05689,6e-05,-1.50502,0.00014,0.46298,0.08285,0.71854,0.70638,6.73205,0.7065,0.7066,0.70639,10,0.5,9.8,"Moving average",10,-1,-1,1.85,40,55,5,50,"0.975",494
"Yolo_bypass_2015_DS_01_B4","","","IsoFish",2017-07-07,"","No","none",5.688505,0.4675984,0.6510811,-0.004229795,0.03333393,-0.005387582,50.9,90,5.7,0.47238,0.65715,0.00014,0.03708,-4e-05,0.1154,0.00651,0.05643,2e-05,-1.48422,6e-05,0.47232,0.08294,0.71883,0.70651,6.86117,0.70653,0.70663,0.70642,10,0.5,9.8,"Moving average",10,-1,-1,1.85,40,55,5,50,"0.975",494
"Yolo_bypass_2015_DS_01_B4","","","IsoFish",2017-07-07,"","No","none",5.812425,0.4781064,0.6656806,-0.00441701,0.0344589,-0.005393427,51.1,92,5.8,0.48288,0.67175,-5e-05,0.03821,-5e-05,0.11545,0.00657,0.05688,-1e-05,-1.46481,-2e-05,0.4829,0.08299,0.71885,0.70649,7.0114,0.70654,0.70665,0.70644,10,0.5,9.8,"Moving average",10,-1,-1,1.85,40,55,5,50,"0.975",494
"Yolo_bypass_2015_DS_01_B4","","","IsoFish",2017-07-07,"","No","none",5.99703,0.4933367,0.6868753,-0.004138508,0.03566637,-0.005000196,51.3,94,6,0.49811,0.69294,0.00023,0.03942,0.00034,0.11543,0.00657,0.05688,4e-05,-1.47221,9e-05,0.49802,0.08296,0.71884,0.70677,7.23352,0.70656,0.70665,0.70648,10,0.5,9.8,"Moving average",10,-1,-1,1.85,40,55,5,50,"0.975",494
"Yolo_bypass_2015_DS_01_B4","","","IsoFish",2017-07-07,"","No","none",6.232904,0.5130993,0.7142326,-0.003935863,0.03707853,-0.005275629,51.5,96,6.2,0.51788,0.7203,0.00044,0.04083,7e-05,0.11545,0.00654,0.05668,7e-05,-1.46433,0.00017,0.5177,0.08298,0.71898,0.70676,7.51785,0.70658,0.70666,0.70651,10,0.5,9.8,"Moving average",10,-1,-1,1.85,40,55,5,50,"0.975",494
"Yolo_bypass_2015_DS_01_B4","","","IsoFish",2017-07-07,"","No","none",6.694244,0.5518507,0.7680289,-0.004500542,0.03997928,-0.005192992,51.7,98,6.7,0.55663,0.77409,-0.00013,0.04373,0.00015,0.11553,0.00653,0.05649,-2e-05,-1.43426,-5e-05,0.55668,0.08308,0.71907,0.70662,8.07486,0.7066,0.70667,0.70654,10,0.5,9.8,"Moving average",10,-1,-1,1.85,40,55,5,50,"0.975",494
"Yolo_bypass_2015_DS_01_B4","","","IsoFish",2017-07-07,"","No","none",6.571584,0.5408007,0.7527405,-0.004045399,0.0393649,-0.004970897,51.9,100,6.6,0.54558,0.75881,0.00033,0.04311,0.00037,0.11536,0.00655,0.05682,5e-05,-1.49832,0.00013,0.54545,0.08292,0.719,0.70666,7.92507,0.70661,0.70667,0.70655,10,0.5,9.8,"Moving average",10,-1,-1,1.85,40,55,5,50,"0.975",494
"Yolo_bypass_2015_DS_01_B4","","","IsoFish",2017-07-07,"","No","none",6.528266,0.5366486,0.7471925,-0.004193556,0.03902468,-0.00527822,52.1,102,6.5,0.54143,0.75326,0.00018,0.04277,7e-05,0.11528,0.00655,0.05679,3e-05,-1.53014,7e-05,0.54135,0.08285,0.71878,0.70657,7.87177,0.70661,0.70667,0.70655,10,0.5,9.8,"Moving average",10,-1,-1,1.85,40,55,5,50,"0.975",494
"Yolo_bypass_2015_DS_01_B4","","","IsoFish",2017-07-07,"","No","none",6.743618,0.5555345,0.7734087,-0.0042291,0.04049524,-0.005331391,52.3,104,6.7,0.56031,0.77947,0.00014,0.04424,1e-05,0.11548,0.00656,0.05676,2e-05,-1.45237,6e-05,0.56025,0.083,0.71883,0.70649,8.13371,0.70658,0.70664,0.70652,10,0.5,9.8,"Moving average",10,-1,-1,1.85,40,55,5,50,"0.975",494
"Yolo_bypass_2015_DS_01_B4","","","IsoFish",2017-07-07,"","No","none",6.944918,0.5715196,0.7958443,-0.004178455,0.04182515,-0.00519396,52.5,106,7,0.5763,0.80191,0.00019,0.04557,0.00015,0.11537,0.00656,0.05683,3e-05,-1.49637,8e-05,0.57622,0.0829,0.71866,0.70657,8.37474,0.70654,0.70659,0.70649,10,0.5,9.8,"Moving average",10,-1,-1,1.85,40,55,5,50,"0.975",494
"Yolo_bypass_2015_DS_01_B4","","","IsoFish",2017-07-07,"","No","none",7.11992,0.586601,0.816319,-0.00435329,0.04236155,-0.0052465,52.7,108,7.1,0.59138,0.82238,2e-05,0.04611,1e-04,0.11541,0.00647,0.05607,0,-1.48126,1e-05,0.59137,0.08299,0.7191,0.7066,8.5859,0.70652,0.70658,0.70647,10,0.5,9.8,"Moving average",10,-1,-1,1.85,40,55,5,50,"0.975",494
"Yolo_bypass_2015_DS_01_B4","","","IsoFish",2017-07-07,"","No","none",7.509355,0.6195798,0.8624167,-0.003801503,0.04563018,-0.005077157,52.9,110,7.5,0.62436,0.86848,0.00057,0.04938,0.00027,0.11556,0.00657,0.05686,8e-05,-1.42334,0.00023,0.62413,0.08305,0.71891,0.70655,9.05746,0.7065,0.70654,0.70645,10,0.5,9.8,"Moving average",10,-1,-1,1.85,40,55,5,50,"0.975",494
"Yolo_bypass_2015_DS_01_B4","","","IsoFish",2017-07-07,"","No","none",7.560432,0.6225508,0.8670468,-0.004243756,0.04542938,-0.005290163,53.1,112,7.6,0.62733,0.87311,0.00013,0.04918,5e-05,0.11539,0.0065,0.05633,2e-05,-1.48673,5e-05,0.62728,0.0829,0.7185,0.70652,9.11612,0.70649,0.70654,0.70645,10,0.5,9.8,"Moving average",10,-1,-1,1.85,40,55,5,50,"0.975",494
"Yolo_bypass_2015_DS_01_B4","","","IsoFish",2017-07-07,"","No","none",7.474782,0.615447,0.856506,-0.004428733,0.045184,-0.005083119,53.3,114,7.5,0.62022,0.86257,-6e-05,0.04893,0.00026,0.1153,0.00654,0.05673,-1e-05,-1.5199,-2e-05,0.62025,0.08291,0.71904,0.70642,9.01265,0.70649,0.70654,0.70645,10,0.5,9.8,"Moving average",10,-1,-1,1.85,40,55,5,50,"0.975",494
"Yolo_bypass_2015_DS_01_B4","","","IsoFish",2017-07-07,"","No","none",7.049999,0.5796171,0.8063235,-0.003974097,0.04217812,-0.005411021,53.5,116,7.1,0.58439,0.81239,4e-04,0.04593,-7e-05,0.11513,0.00651,0.05653,6e-05,-1.58435,0.00016,0.58424,0.0828,0.71935,0.70641,8.49867,0.70648,0.70652,0.70644,10,0.5,9.8,"Moving average",10,-1,-1,1.85,40,55,5,50,"0.975",494
"Yolo_bypass_2015_DS_01_B4","","","IsoFish",2017-07-07,"","No","none",7.316443,0.6027886,0.8396779,-0.004166607,0.04421965,-0.005009554,53.7,118,7.3,0.60757,0.84574,2e-04,0.04797,0.00033,0.1155,0.00655,0.05672,3e-05,-1.44629,8e-05,0.60748,0.08296,0.71838,0.70644,8.82376,0.70646,0.7065,0.70643,10,0.5,9.8,"Moving average",10,-1,-1,1.85,40,55,5,50,"0.975",494
"Yolo_bypass_2015_DS_01_B4","","","IsoFish",2017-07-07,"","No","none",7.5485,0.6222193,0.865787,-0.00420254,0.04552115,-0.005476141,53.9,120,7.6,0.627,0.87185,0.00017,0.04927,-0.00013,0.11541,0.00652,0.05651,2e-05,-1.48088,7e-05,0.62693,0.08299,0.71915,0.70641,9.10267,0.70645,0.70648,0.70643,10,0.5,9.8,"Moving average",10,-1,-1,1.85,40,55,5,50,"0.975",494
"Yolo_bypass_2015_DS_01_B4","","","IsoFish",2017-07-07,"","No","none",7.573761,0.6236721,0.8683838,-0.004333794,0.04589991,-0.004947058,54.1,122,7.6,0.62845,0.87445,4e-05,0.04965,4e-04,0.11536,0.00655,0.05678,0,-1.49673,1e-05,0.62843,0.08291,0.71868,0.70651,9.13241,0.70645,0.70647,0.70643,10,0.5,9.8,"Moving average",10,-1,-1,1.85,40,55,5,50,"0.975",494
"Yolo_bypass_2015_DS_01_B4","","","IsoFish",2017-07-07,"","No","none",7.865552,0.6481331,0.9025738,-0.004269999,0.04745109,-0.005233174,54.3,124,7.9,0.65291,0.90864,1e-04,0.0512,0.00011,0.11543,0.0065,0.05635,1e-05,-1.47144,4e-05,0.65287,0.08294,0.71856,0.7065,9.48438,0.70645,0.70647,0.70643,10,0.5,9.8,"Moving average",10,-1,-1,1.85,40,55,5,50,"0.975",494
"Yolo_bypass_2015_DS_01_B4","","","IsoFish",2017-07-07,"","No","none",7.87261,0.6488116,0.9028129,-0.004021728,0.04759422,-0.005055911,54.5,126,7.9,0.65359,0.90888,0.00035,0.05134,0.00029,0.11536,0.00652,0.05649,4e-05,-1.499,0.00014,0.65345,0.08294,0.71912,0.70645,9.4924,0.70646,0.70649,0.70644,10,0.5,9.8,"Moving average",10,-1,-1,1.85,40,55,5,50,"0.975",494
"Yolo_bypass_2015_DS_01_B4","","","IsoFish",2017-07-07,"","No","none",7.738309,0.6370144,0.8865156,-0.004269984,0.04670862,-0.005329872,54.7,128,7.7,0.64179,0.89258,1e-04,0.05046,1e-05,0.11525,0.00652,0.05653,1e-05,-1.53823,4e-05,0.64175,0.08287,0.71903,0.70644,9.32922,0.70648,0.70651,0.70644,10,0.5,9.8,"Moving average",10,-1,-1,1.85,40,55,5,50,"0.975",494
"Yolo_bypass_2015_DS_01_B4","","","IsoFish",2017-07-07,"","No","none",7.963301,0.6564014,0.9137947,-0.004355904,0.04805218,-0.005343969,54.9,130,8,0.66118,0.91986,2e-05,0.0518,0,0.11542,0.0065,0.05631,0,-1.4744,1e-05,0.66117,0.08296,0.71878,0.70644,9.60225,0.7065,0.70655,0.70646,10,0.5,9.8,"Moving average",10,-1,-1,1.85,40,55,5,50,"0.975",494
"Yolo_bypass_2015_DS_01_B4","","","IsoFish",2017-07-07,"","No","none",7.785508,0.6409781,0.891907,-0.004003589,0.04688579,-0.005270774,55.1,132,7.8,0.64576,0.89797,0.00037,0.05064,7e-05,0.11525,0.0065,0.05639,5e-05,-1.54058,0.00015,0.64561,0.08286,0.71913,0.70649,9.38584,0.7065,0.70655,0.70645,10,0.5,9.8,"Moving average",10,-1,-1,1.85,40,55,5,50,"0.975",494
"Yolo_bypass_2015_DS_01_B4","","","IsoFish",2017-07-07,"","No","none",7.959675,0.6560753,0.9134339,-0.003934918,0.04845022,-0.005221648,55.3,134,8,0.66085,0.9195,0.00044,0.0522,0.00012,0.11543,0.00655,0.05677,5e-05,-1.47166,0.00017,0.66068,0.08294,0.71871,0.70643,9.59817,0.70652,0.70658,0.70646,10,0.5,9.8,"Moving average",10,-1,-1,1.85,40,55,5,50,"0.975",494
"Yolo_bypass_2015_DS_01_B4","","","IsoFish",2017-07-07,"","No","none",7.973527,0.657399,0.9146958,-0.00433925,0.04825472,-0.00543366,55.5,136,8,0.66218,0.92076,3e-05,0.052,-9e-05,0.11539,0.00652,0.05648,0,-1.4876,1e-05,0.66216,0.08298,0.71916,0.70654,9.61457,0.70653,0.70659,0.70647,10,0.5,9.8,"Moving average",10,-1,-1,1.85,40,55,5,50,"0.975",494
"Yolo_bypass_2015_DS_01_B4","","","IsoFish",2017-07-07,"","No","none",7.138478,0.5867425,0.816776,-0.004554572,0.04308649,-0.005297611,56.1,142,7.1,0.59152,0.82284,-0.00018,0.04684,5e-05,0.11517,0.00656,0.05692,-3e-05,-1.57029,-7e-05,0.59159,0.0828,0.71887,0.70657,8.60586,0.70655,0.70661,0.70649,10,0.5,9.8,"Moving average",10,-1,-1,1.85,40,55,5,50,"0.975",494
"Yolo_bypass_2015_DS_01_B4","","","IsoFish",2017-07-07,"","No","none",7.260427,0.598583,0.8325995,-0.004163535,0.04392511,-0.005118217,56.3,144,7.3,0.60336,0.83866,0.00021,0.04767,0.00023,0.11541,0.00656,0.05685,3e-05,-1.47787,8e-05,0.60328,0.08302,0.71943,0.70667,8.75616,0.70655,0.70661,0.70649,10,0.5,9.8,"Moving average",10,-1,-1,1.85,40,55,5,50,"0.975",494
"Yolo_bypass_2015_DS_01_B4","","","IsoFish",2017-07-07,"","No","none",6.898615,0.5673888,0.7890521,-0.003996384,0.04130115,-0.005131471,56.5,146,6.9,0.57217,0.79512,0.00037,0.04505,0.00021,0.11516,0.00652,0.05666,5e-05,-1.57571,0.00015,0.57202,0.08284,0.7196,0.70647,8.31692,0.70655,0.70661,0.70649,10,0.5,9.8,"Moving average",10,-1,-1,1.85,40,55,5,50,"0.975",494
"Yolo_bypass_2015_DS_01_B4","","","IsoFish",2017-07-07,"","No","none",6.893278,0.5673261,0.7890136,-0.004562297,0.041268,-0.005414789,56.7,148,6.9,0.5721,0.79508,-0.00019,0.04502,-7e-05,0.11524,0.00652,0.05662,-3e-05,-1.54416,-8e-05,0.57218,0.08293,0.71956,0.70667,8.31167,0.70655,0.70661,0.70648,10,0.5,9.8,"Moving average",10,-1,-1,1.85,40,55,5,50,"0.975",494
"Yolo_bypass_2015_DS_01_B4","","","IsoFish",2017-07-07,"","No","none",6.595697,0.5420341,0.7545113,-0.003920154,0.03940239,-0.005222996,56.9,150,6.6,0.54681,0.76058,0.00045,0.04315,0.00012,0.11521,0.00654,0.05674,7e-05,-1.55614,0.00018,0.54663,0.0828,0.71894,0.70656,7.95217,0.70653,0.7066,0.70646,10,0.5,9.8,"Moving average",10,-1,-1,1.85,40,55,5,50,"0.975",494
"Yolo_bypass_2015_DS_01_B4","","","IsoFish",2017-07-07,"","No","none",6.630083,0.5455889,0.7587878,-0.00461147,0.03972933,-0.005328964,57.1,152,6.6,0.55037,0.76485,-0.00024,0.04348,2e-05,0.11525,0.00655,0.05685,-4e-05,-1.53821,-1e-04,0.55046,0.08295,0.71957,0.70664,7.99499,0.70651,0.70659,0.70644,10,0.5,9.8,"Moving average",10,-1,-1,1.85,40,55,5,50,"0.975",494
"Yolo_bypass_2015_DS_01_B4","","","IsoFish",2017-07-07,"","No","none",6.503062,0.5349839,0.7441151,-0.003992525,0.03886531,-0.005295807,57.3,154,6.5,0.53976,0.75018,0.00038,0.04261,5e-05,0.11525,0.00655,0.05681,6e-05,-1.54012,0.00015,0.53961,0.0829,0.71951,0.70642,7.84158,0.70649,0.70656,0.70643,10,0.5,9.8,"Moving average",10,-1,-1,1.85,40,55,5,50,"0.975",494
"Yolo_bypass_2015_DS_01_B4","","","IsoFish",2017-07-07,"","No","none",6.533667,0.5377117,0.748349,-0.004525906,0.03896605,-0.004990329,57.5,156,6.5,0.54249,0.75441,-0.00015,0.04272,0.00035,0.11536,0.00653,0.05662,-2e-05,-1.49932,-6e-05,0.54255,0.08296,0.71909,0.70652,7.87946,0.7065,0.70656,0.70643,10,0.5,9.8,"Moving average",10,-1,-1,1.85,40,55,5,50,"0.975",494
"Yolo_bypass_2015_DS_01_B4","","","IsoFish",2017-07-07,"","No","none",6.042373,0.4963842,0.6916377,-0.004124642,0.03589001,-0.005165171,57.9,160,6,0.50116,0.6977,0.00025,0.03964,0.00018,0.11535,0.00655,0.05681,4e-05,-1.50162,1e-04,0.50106,0.08284,0.7183,0.70639,7.2869,0.70649,0.70655,0.70643,10,0.5,9.8,"Moving average",10,-1,-1,1.85,40,55,5,50,"0.975",494
"Yolo_bypass_2015_DS_01_B4","","","IsoFish",2017-07-07,"","No","none",6.177494,0.5080832,0.70766,-0.004366098,0.03692606,-0.005329037,58.1,162,6.2,0.51286,0.71372,1e-05,0.04068,2e-05,0.11542,0.00658,0.05699,0,-1.47503,0,0.51286,0.08294,0.71857,0.70639,7.45087,0.70649,0.70656,0.70643,10,0.5,9.8,"Moving average",10,-1,-1,1.85,40,55,5,50,"0.975",494
"Yolo_bypass_2015_DS_01_B4","","","IsoFish",2017-07-07,"","No","none",6.061219,0.4980883,0.6932663,-0.00428227,0.03595298,-0.005268138,58.3,164,6.1,0.50287,0.69933,9e-05,0.0397,8e-05,0.11526,0.00654,0.05677,1e-05,-1.53555,4e-05,0.50283,0.08287,0.71907,0.70639,7.3092,0.70647,0.70653,0.70642,10,0.5,9.8,"Moving average",10,-1,-1,1.85,40,55,5,50,"0.975",494
"Yolo_bypass_2015_DS_01_B4","","","IsoFish",2017-07-07,"","No","none",5.950124,0.4890611,0.6805369,-0.004324372,0.03515575,-0.00531288,58.5,166,6,0.49384,0.6866,5e-05,0.03891,3e-05,0.11527,0.00653,0.05666,1e-05,-1.53076,2e-05,0.49382,0.08291,0.71925,0.70645,7.17557,0.70648,0.70653,0.70643,10,0.5,9.8,"Moving average",10,-1,-1,1.85,40,55,5,50,"0.975",494
"Yolo_bypass_2015_DS_01_B4","","","IsoFish",2017-07-07,"","No","none",5.985322,0.4921798,0.6847091,-0.004262102,0.03565789,-0.005087206,58.7,168,6,0.49696,0.69077,0.00011,0.03941,0.00026,0.11529,0.00658,0.05705,2e-05,-1.52353,4e-05,0.49691,0.08294,0.71942,0.70652,7.21853,0.70647,0.70652,0.70642,10,0.5,9.8,"Moving average",10,-1,-1,1.85,40,55,5,50,"0.975",494
"Yolo_bypass_2015_DS_01_B4","","","IsoFish",2017-07-07,"","No","none",5.480831,0.449408,0.6250691,-0.0041955,0.03233231,-0.005198775,58.9,170,5.5,0.45419,0.63113,0.00018,0.03608,0.00015,0.11502,0.00658,0.05717,3e-05,-1.62518,7e-05,0.45411,0.08276,0.71963,0.70662,6.60828,0.70647,0.70652,0.70642,10,0.5,9.8,"Moving average",10,-1,-1,1.85,40,55,5,50,"0.975",494
"Yolo_bypass_2015_DS_01_B4","","","IsoFish",2017-07-07,"","No","none",5.636944,0.4634421,0.6449297,-0.004104221,0.0333065,-0.005218423,59.1,172,5.6,0.46822,0.65099,0.00027,0.03706,0.00013,0.11536,0.00657,0.05692,5e-05,-1.49769,0.00011,0.46811,0.08295,0.71924,0.70659,6.79922,0.70646,0.70652,0.7064,10,0.5,9.8,"Moving average",10,-1,-1,1.85,40,55,5,50,"0.975",494
"Yolo_bypass_2015_DS_01_B4","","","IsoFish",2017-07-07,"","No","none",6.067498,0.4996082,0.695601,-0.004144841,0.03624046,-0.004970683,59.3,174,6.1,0.50439,0.70167,0.00023,0.03999,0.00037,0.11553,0.00658,0.05699,4e-05,-1.43549,9e-05,0.5043,0.08303,0.71884,0.70642,7.31957,0.70647,0.70654,0.70641,10,0.5,9.8,"Moving average",10,-1,-1,1.85,40,55,5,50,"0.975",494
"Yolo_bypass_2015_DS_01_B4","","","IsoFish",2017-07-07,"","No","none",6.370776,0.5243918,0.7304212,-0.004121028,0.03847167,-0.005386191,59.5,176,6.4,0.52917,0.73649,0.00025,0.04222,-4e-05,0.11549,0.00662,0.05733,4e-05,-1.44829,1e-04,0.52907,0.08297,0.71851,0.70651,7.68467,0.70649,0.70656,0.70642,10,0.5,9.8,"Moving average",10,-1,-1,1.85,40,55,5,50,"0.975",494
"Yolo_bypass_2015_DS_01_B4","","","IsoFish",2017-07-07,"","No","none",6.211211,0.5101596,0.7105299,-0.004444471,0.03683213,-0.005237209,59.7,178,6.2,0.51494,0.71659,-7e-05,0.04058,0.00011,0.11526,0.00653,0.05663,-1e-05,-1.53705,-3e-05,0.51497,0.08283,0.71859,0.70642,7.48947,0.70652,0.70661,0.70643,10,0.5,9.8,"Moving average",10,-1,-1,1.85,40,55,5,50,"0.975",494
"Yolo_bypass_2015_DS_01_B4","","","IsoFish",2017-07-07,"","No","none",6.220233,0.51152,0.7116848,-0.004060566,0.03729746,-0.005216895,59.9,180,6.2,0.5163,0.71775,0.00031,0.04105,0.00013,0.11528,0.00659,0.05719,5e-05,-1.53008,0.00012,0.51617,0.0829,0.71933,0.7064,7.50132,0.70653,0.70664,0.70643,10,0.5,9.8,"Moving average",10,-1,-1,1.85,40,55,5,50,"0.975",494
"Yolo_bypass_2015_DS_01_B4","","","IsoFish",2017-07-07,"","No","none",6.195392,0.5097184,0.7105558,-0.004503211,0.0369508,-0.005358865,60.3,184,6.2,0.5145,0.71662,-0.00013,0.0407,-1e-05,0.11556,0.00656,0.05679,-2e-05,-1.42458,-5e-05,0.51455,0.08297,0.71795,0.70629,7.47338,0.70658,0.70673,0.70643,10,0.5,9.8,"Moving average",10,-1,-1,1.85,40,55,5,50,"0.975",494
"Yolo_bypass_2015_DS_01_B4","","","IsoFish",2017-07-07,"","No","none",6.011359,0.4940777,0.687051,-0.004330757,0.03593668,-0.005176954,60.5,186,6,0.49885,0.69312,4e-05,0.03969,0.00017,0.11518,0.0066,0.05726,1e-05,-1.56496,2e-05,0.49884,0.0829,0.71973,0.70653,7.24912,0.70664,0.7068,0.70648,10,0.5,9.8,"Moving average",10,-1,-1,1.85,40,55,5,50,"0.975",494
"Yolo_bypass_2015_DS_01_B4","","","IsoFish",2017-07-07,"","No","none",5.716186,0.4688542,0.6529626,-0.004591936,0.03353742,-0.005148195,60.7,188,5.7,0.47363,0.65903,-0.00022,0.03729,2e-04,0.11517,0.00652,0.05658,-4e-05,-1.57085,-9e-05,0.47372,0.08278,0.71868,0.70664,6.89234,0.70668,0.70685,0.70651,10,0.5,9.8,"Moving average",10,-1,-1,1.85,40,55,5,50,"0.975",494
"Yolo_bypass_2015_DS_01_B4","","","IsoFish",2017-07-07,"","No","none",5.811775,0.4784032,0.6652858,-0.003867351,0.03469629,-0.005331146,60.9,190,5.8,0.48318,0.67135,5e-04,0.03845,1e-05,0.11539,0.00661,0.05727,9e-05,-1.48554,2e-04,0.48298,0.08302,0.71971,0.70678,7.01067,0.70672,0.70688,0.70655,10,0.5,9.8,"Moving average",10,-1,-1,1.85,40,55,5,50,"0.975",494
"Yolo_bypass_2015_DS_01_B4","","","IsoFish",2017-07-07,"","No","none",5.988187,0.4926907,0.6856389,-0.004643788,0.03586287,-0.005452582,61.1,192,6,0.49747,0.6917,-0.00027,0.03961,-0.00011,0.11539,0.00661,0.05727,-5e-05,-1.48578,-0.00011,0.49758,0.08301,0.71919,0.70676,7.2232,0.70674,0.70689,0.70659,10,0.5,9.8,"Moving average",10,-1,-1,1.85,40,55,5,50,"0.975",494
"Yolo_bypass_2015_DS_01_B4","","","IsoFish",2017-07-07,"","No","none",6.011945,0.4948108,0.6883904,-0.004146254,0.035734,-0.005153334,61.3,194,6,0.49959,0.69446,0.00023,0.03948,0.00019,0.1154,0.00656,0.05686,4e-05,-1.48516,9e-05,0.4995,0.083,0.7194,0.70706,7.2515,0.70674,0.70689,0.7066,10,0.5,9.8,"Moving average",10,-1,-1,1.85,40,55,5,50,"0.975",494
"Yolo_bypass_2015_DS_01_B4","","","IsoFish",2017-07-07,"","No","none",5.733139,0.4707977,0.6547137,-0.004406652,0.03404714,-0.005156592,61.5,196,5.7,0.47557,0.66078,-4e-05,0.0378,0.00019,0.11513,0.00659,0.0572,-1e-05,-1.58412,-1e-05,0.47559,0.08287,0.71972,0.707,6.91342,0.70673,0.70688,0.70657,10,0.5,9.8,"Moving average",10,-1,-1,1.85,40,55,5,50,"0.975",494
"Yolo_bypass_2015_DS_01_B4","","","IsoFish",2017-07-07,"","No","none",5.540709,0.4561626,0.6349105,-0.004387277,0.03272485,-0.005134488,61.9,200,5.5,0.46094,0.64098,-2e-05,0.03647,0.00021,0.11556,0.00658,0.0569,0,-1.4241,-1e-05,0.46095,0.0831,0.71912,0.70695,6.68522,0.70668,0.70687,0.70649,10,0.5,9.8,"Moving average",10,-1,-1,1.85,40,55,5,50,"0.975",494
"Yolo_bypass_2015_DS_01_B4","","","IsoFish",2017-07-07,"","No","none",5.634735,0.4634495,0.6448536,-0.00395526,0.03328365,-0.005088135,62.1,202,5.6,0.46823,0.65092,0.00042,0.03703,0.00026,0.11539,0.00657,0.05689,7e-05,-1.48573,0.00017,0.46806,0.08298,0.71933,0.70674,6.79686,0.70663,0.70684,0.70643,10,0.5,9.8,"Moving average",10,-1,-1,1.85,40,55,5,50,"0.975",494
"Yolo_bypass_2015_DS_01_B4","","","IsoFish",2017-07-07,"","No","none",5.863153,0.4822934,0.6713237,-0.00441568,0.03513313,-0.005307478,62.3,204,5.9,0.48707,0.67739,-4e-05,0.03888,4e-05,0.11541,0.00662,0.0574,-1e-05,-1.47853,-2e-05,0.48709,0.08299,0.71904,0.70665,7.07263,0.70659,0.7068,0.70638,10,0.5,9.8,"Moving average",10,-1,-1,1.85,40,55,5,50,"0.975",494
"Yolo_bypass_2015_DS_01_B4","","","IsoFish",2017-07-07,"","No","none",5.69741,0.4677725,0.6514821,-0.004168601,0.03375277,-0.005072843,62.5,206,5.7,0.47255,0.65755,2e-04,0.0375,0.00027,0.11529,0.00658,0.05703,4e-05,-1.52569,8e-05,0.47247,0.08284,0.71866,0.70633,6.87105,0.70651,0.7067,0.70632,10,0.5,9.8,"Moving average",10,-1,-1,1.85,40,55,5,50,"0.975",494
"Yolo_bypass_2015_DS_01_B4","","","IsoFish",2017-07-07,"","No","none",5.448731,0.447068,0.6221177,-0.004245653,0.03216268,-0.005153746,62.7,208,5.5,0.45185,0.62818,0.00013,0.03591,0.00019,0.11516,0.00658,0.05717,2e-05,-1.5738,5e-05,0.45179,0.08282,0.71929,0.70634,6.57074,0.70645,0.70661,0.7063,10,0.5,9.8,"Moving average",10,-1,-1,1.85,40,55,5,50,"0.975",494
"Yolo_bypass_2015_DS_01_B4","","","IsoFish",2017-07-07,"","No","none",5.148236,0.4218321,0.5871793,-0.004076869,0.03028973,-0.00525698,62.9,210,5.2,0.42661,0.59324,0.00029,0.03404,9e-05,0.1151,0.0066,0.05738,6e-05,-1.59825,0.00012,0.42649,0.08274,0.71911,0.70619,6.20813,0.70641,0.70652,0.7063,10,0.5,9.8,"Moving average",10,-1,-1,1.85,40,55,5,50,"0.975",494
"Yolo_bypass_2015_DS_01_B4","","","IsoFish",2017-07-07,"","No","none",5.546357,0.4564238,0.6355203,-0.004021718,0.03271583,-0.005425336,63.1,212,5.6,0.4612,0.64158,0.00035,0.03647,-8e-05,0.11555,0.00657,0.05684,6e-05,-1.42701,0.00014,0.46106,0.08304,0.71885,0.7063,6.69159,0.70639,0.70648,0.7063,10,0.5,9.8,"Moving average",10,-1,-1,1.85,40,55,5,50,"0.975",494
"Yolo_bypass_2015_DS_01_B4","","","IsoFish",2017-07-07,"","No","none",5.440516,0.4465899,0.6219751,-0.004338658,0.03197992,-0.005306416,63.3,214,5.4,0.45137,0.62804,3e-05,0.03573,4e-05,0.11531,0.00656,0.05689,1e-05,-1.51808,1e-05,0.45135,0.08287,0.71869,0.70632,6.56176,0.70638,0.70645,0.7063,10,0.5,9.8,"Moving average",10,-1,-1,1.85,40,55,5,50,"0.975",494
"Yolo_bypass_2015_DS_01_B4","","","IsoFish",2017-07-07,"","No","none",5.386035,0.4423178,0.6152215,-0.003833435,0.03173731,-0.005352543,63.5,216,5.4,0.44709,0.62129,0.00054,0.03549,-1e-05,0.11522,0.00658,0.05712,1e-04,-1.5511,0.00021,0.44688,0.08288,0.71963,0.7063,6.49581,0.70641,0.70651,0.70632,10,0.5,9.8,"Moving average",10,-1,-1,1.85,40,55,5,50,"0.975",494
"Yolo_bypass_2015_DS_01_B4","","","IsoFish",2017-07-07,"","No","none",5.362357,0.4404092,0.6134901,-0.004355626,0.03182298,-0.00512376,63.7,218,5.4,0.44519,0.61955,2e-05,0.03557,0.00022,0.11541,0.00663,0.05742,0,-1.48101,1e-05,0.44518,0.08292,0.71856,0.70641,6.46878,0.70643,0.70652,0.70634,10,0.5,9.8,"Moving average",10,-1,-1,1.85,40,55,5,50,"0.975",494
"Yolo_bypass_2015_DS_01_B4","","","IsoFish",2017-07-07,"","No","none",5.388752,0.4422274,0.6161516,-0.003838994,0.03177098,-0.00520933,63.9,220,5.4,0.447,0.62222,0.00053,0.03552,0.00013,0.11533,0.00658,0.05709,1e-04,-1.50791,0.00021,0.44679,0.08282,0.71841,0.70654,6.4994,0.70645,0.70653,0.70638,10,0.5,9.8,"Moving average",10,-1,-1,1.85,40,55,5,50,"0.975",494
"Yolo_bypass_2015_DS_01_B4","","","IsoFish",2017-07-07,"","No","none",5.21067,0.4280295,0.5950378,-0.004637651,0.03056999,-0.005026249,64.1,222,5.2,0.43281,0.6011,-0.00027,0.03432,0.00032,0.11522,0.00658,0.05709,-5e-05,-1.54952,-0.00011,0.43291,0.08298,0.72002,0.70654,6.28512,0.70646,0.70654,0.70639,10,0.5,9.8,"Moving average",10,-1,-1,1.85,40,55,5,50,"0.975",494
"Yolo_bypass_2015_DS_01_B4","","","IsoFish",2017-07-07,"","No","none",5.647208,0.4647808,0.6474265,-0.004233058,0.03367677,-0.004984277,64.3,224,5.7,0.46956,0.65349,0.00014,0.03743,0.00036,0.11559,0.00662,0.05727,2e-05,-1.41015,5e-05,0.4695,0.08305,0.71854,0.70651,6.81375,0.70647,0.70654,0.7064,10,0.5,9.8,"Moving average",10,-1,-1,1.85,40,55,5,50,"0.975",494
"Yolo_bypass_2015_DS_01_B4","","","IsoFish",2017-07-07,"","No","none",5.583865,0.458811,0.6387619,-0.004233513,0.03296988,-0.005214034,64.5,226,5.6,0.46359,0.64483,0.00014,0.03672,0.00013,0.11535,0.00657,0.05694,2e-05,-1.50069,5e-05,0.46353,0.08292,0.71893,0.70667,6.73506,0.70646,0.70654,0.70639,10,0.5,9.8,"Moving average",10,-1,-1,1.85,40,55,5,50,"0.975",494
"Yolo_bypass_2015_DS_01_B4","","","IsoFish",2017-07-07,"","No","none",5.645532,0.463827,0.6461297,-0.004256204,0.03367138,-0.005234889,64.7,228,5.7,0.4686,0.65219,0.00012,0.03742,0.00011,0.1154,0.00662,0.05738,2e-05,-1.48372,5e-05,0.46856,0.08291,0.7185,0.70652,6.80982,0.70645,0.70653,0.70636,10,0.5,9.8,"Moving average",10,-1,-1,1.85,40,55,5,50,"0.975",494
"Yolo_bypass_2015_DS_01_B4","","","IsoFish",2017-07-07,"","No","none",5.428158,0.4456795,0.6200479,-0.004039574,0.03191405,-0.005049183,64.9,230,5.4,0.45046,0.62611,0.00033,0.03566,0.00029,0.11522,0.00656,0.05696,6e-05,-1.55298,0.00013,0.45032,0.08287,0.71945,0.70643,6.54638,0.70641,0.70651,0.70632,10,0.5,9.8,"Moving average",10,-1,-1,1.85,40,55,5,50,"0.975",494
"Yolo_bypass_2015_DS_01_B4","","","IsoFish",2017-07-07,"","No","none",5.1243,0.420512,0.5851362,-0.004429432,0.03002577,-0.005322017,65.1,232,5.1,0.42529,0.5912,-6e-05,0.03378,2e-05,0.11523,0.00658,0.05713,-1e-05,-1.54581,-2e-05,0.42531,0.0829,0.71936,0.70639,6.18071,0.70638,0.70648,0.70628,10,0.5,9.8,"Moving average",10,-1,-1,1.85,40,55,5,50,"0.975",494
"Yolo_bypass_2015_DS_01_B4","","","IsoFish",2017-07-07,"","No","none",5.056157,0.4148388,0.5774975,-0.004297357,0.02966012,-0.005249698,65.3,234,5.1,0.41962,0.58356,7e-05,0.03341,9e-05,0.11528,0.0066,0.05725,1e-05,-1.52986,3e-05,0.41959,0.08288,0.71906,0.70635,6.09883,0.70636,0.70646,0.70626,10,0.5,9.8,"Moving average",10,-1,-1,1.85,40,55,5,50,"0.975",494
"Yolo_bypass_2015_DS_01_B4","","","IsoFish",2017-07-07,"","No","none",5.214302,0.4282741,0.5966695,-0.004092135,0.03079161,-0.005082333,65.5,236,5.2,0.43305,0.60273,0.00028,0.03454,0.00026,0.11546,0.00662,0.05731,5e-05,-1.46181,0.00011,0.43294,0.08293,0.71848,0.70628,6.29063,0.70634,0.70641,0.70626,10,0.5,9.8,"Moving average",10,-1,-1,1.85,40,55,5,50,"0.975",494
"Yolo_bypass_2015_DS_01_B4","","","IsoFish",2017-07-07,"","No","none",5.112454,0.4193918,0.5839564,-0.004003637,0.03009479,-0.005225247,65.7,238,5.1,0.42417,0.59002,0.00037,0.03384,0.00012,0.11527,0.00661,0.05736,7e-05,-1.53214,0.00015,0.42402,0.08284,0.7189,0.70622,6.16646,0.70632,0.70638,0.70625,10,0.5,9.8,"Moving average",10,-1,-1,1.85,40,55,5,50,"0.975",494
"Yolo_bypass_2015_DS_01_B4","","","IsoFish",2017-07-07,"","No","none",5.277697,0.4333383,0.604362,-0.004644393,0.03123919,-0.005355594,65.9,240,5.3,0.43812,0.61043,-0.00027,0.03499,-1e-05,0.11553,0.00662,0.05732,-5e-05,-1.43519,-0.00011,0.43822,0.08294,0.71772,0.70623,6.36745,0.70629,0.70635,0.70623,10,0.5,9.8,"Moving average",10,-1,-1,1.85,40,55,5,50,"0.975",494
"Yolo_bypass_2015_DS_01_B4","","","IsoFish",2017-07-07,"","No","none",5.221781,0.4288626,0.596954,-0.003837896,0.03087492,-0.005381645,66.1,242,5.2,0.43364,0.60302,0.00053,0.03462,-4e-05,0.11535,0.00662,0.05742,1e-04,-1.50358,0.00021,0.43343,0.08291,0.71911,0.70616,6.29897,0.70628,0.70634,0.70622,10,0.5,9.8,"Moving average",10,-1,-1,1.85,40,55,5,50,"0.975",494
"Yolo_bypass_2015_DS_01_B4","","","IsoFish",2017-07-07,"","No","none",5.388805,0.4429809,0.6173004,-0.004209529,0.03168755,-0.005024032,66.3,244,5.4,0.44776,0.62337,0.00016,0.03544,0.00032,0.11555,0.00657,0.05685,3e-05,-1.42804,6e-05,0.44769,0.08298,0.71829,0.70633,6.50142,0.70628,0.70635,0.70622,10,0.5,9.8,"Moving average",10,-1,-1,1.85,40,55,5,50,"0.975",494
"Yolo_bypass_2015_DS_01_B4","","","IsoFish",2017-07-07,"","No","none",5.017595,0.4111329,0.5723214,-0.004190329,0.02939796,-0.005221805,66.5,246,5,0.41591,0.57839,0.00018,0.03315,0.00012,0.11513,0.0066,0.05731,4e-05,-1.58483,7e-05,0.41584,0.08277,0.71909,0.70647,6.05108,0.70627,0.70634,0.70619,10,0.5,9.8,"Moving average",10,-1,-1,1.85,40,55,5,50,"0.975",494
"Yolo_bypass_2015_DS_01_B4","","","IsoFish",2017-07-07,"","No","none",4.997859,0.410455,0.5711834,-0.004250451,0.02944183,-0.005248637,66.7,248,5,0.41523,0.57725,0.00012,0.03319,1e-04,0.11536,0.00663,0.0575,2e-05,-1.49921,5e-05,0.41518,0.08297,0.71933,0.70629,6.0296,0.70626,0.70634,0.70619,10,0.5,9.8,"Moving average",10,-1,-1,1.85,40,55,5,50,"0.975",494
"Yolo_bypass_2015_DS_01_B4","","","IsoFish",2017-07-07,"","No","none",5.337271,0.4390064,0.6114668,-0.004137719,0.03185361,-0.005101502,66.9,250,5.3,0.44378,0.61753,0.00023,0.0356,0.00024,0.11557,0.00666,0.05765,4e-05,-1.41951,9e-05,0.44369,0.08304,0.71864,0.70617,6.44021,0.70626,0.70633,0.70618,10,0.5,9.8,"Moving average",10,-1,-1,1.85,40,55,5,50,"0.975",494
"Yolo_bypass_2015_DS_01_B4","","","IsoFish",2017-07-07,"","No","none",4.913777,0.4025821,0.5604237,-0.003512173,0.02877706,-0.005296338,67.1,252,4.9,0.40736,0.56649,0.00086,0.03253,5e-05,0.11514,0.00661,0.05742,0.00017,-1.5806,0.00034,0.40702,0.08273,0.7191,0.70628,5.92593,0.70623,0.70633,0.70612,10,0.5,9.8,"Moving average",10,-1,-1,1.85,40,55,5,50,"0.975",494
"Yolo_bypass_2015_DS_01_B4","","","IsoFish",2017-07-07,"","No","none",5.073754,0.4163457,0.5804988,-0.004169929,0.02989116,-0.00519697,67.3,254,5.1,0.42112,0.58656,2e-04,0.03364,0.00015,0.11547,0.00662,0.05735,4e-05,-1.45761,8e-05,0.42104,0.08288,0.71795,0.70641,6.12112,0.70614,0.70632,0.70596,10,0.5,9.8,"Moving average",10,-1,-1,1.85,40,55,5,50,"0.975",494
"Yolo_bypass_2015_DS_01_B4","","","IsoFish",2017-07-07,"","No","none",5.195195,0.4267032,0.5941944,-0.00412521,0.03072274,-0.005305035,67.5,256,5.2,0.43148,0.60026,0.00025,0.03447,4e-05,0.11541,0.00663,0.05743,5e-05,-1.48132,1e-04,0.43138,0.08294,0.71882,0.7061,6.26743,0.70606,0.70625,0.70588,10,0.5,9.8,"Moving average",10,-1,-1,1.85,40,55,5,50,"0.975",494
"Yolo_bypass_2015_DS_01_B4","","","IsoFish",2017-07-07,"","No","none",5.03371,0.4133845,0.5742103,-0.004322042,0.02964402,-0.005132109,67.7,258,5,0.41816,0.58027,5e-05,0.03339,0.00021,0.11514,0.00663,0.05755,1e-05,-1.58231,2e-05,0.41814,0.08297,0.72063,0.70618,6.07164,0.70602,0.7062,0.70583,10,0.5,9.8,"Moving average",10,-1,-1,1.85,40,55,5,50,"0.975",494
"Yolo_bypass_2015_DS_01_B4","","","IsoFish",2017-07-07,"","No","none",4.898616,0.4013408,0.5595343,-0.003929912,0.02897813,-0.005254598,67.9,260,4.9,0.40612,0.5656,0.00044,0.03273,9e-05,0.11532,0.00667,0.05786,9e-05,-1.51465,0.00018,0.40594,0.08277,0.71803,0.70617,5.909,0.706,0.70619,0.70582,10,0.5,9.8,"Moving average",10,-1,-1,1.85,40,55,5,50,"0.975",494
"Yolo_bypass_2015_DS_01_B4","","","IsoFish",2017-07-07,"","No","none",4.388256,0.3585824,0.499063,-0.004592197,0.02509057,-0.005177554,68.1,262,4.4,0.36336,0.50513,-0.00022,0.02884,0.00017,0.11495,0.00656,0.05709,-5e-05,-1.65388,-9e-05,0.36345,0.08271,0.71934,0.70588,5.29179,0.706,0.70619,0.70582,10,0.5,9.8,"Moving average",10,-1,-1,1.85,40,55,5,50,"0.975",494
"Yolo_bypass_2015_DS_01_B4","","","IsoFish",2017-07-07,"","No","none",3.828372,0.3121768,0.4340505,-0.004091112,0.02193359,-0.005356942,68.3,264,3.8,0.31695,0.44012,0.00028,0.02568,-1e-05,0.11478,0.0067,0.05836,7e-05,-1.71857,0.00011,0.31684,0.08263,0.72016,0.70548,4.61713,0.70601,0.7062,0.70582,10,0.5,9.8,"Moving average",10,-1,-1,1.85,40,55,5,50,"0.975",494
"Yolo_bypass_2015_DS_01_B4","","","IsoFish",2017-07-07,"","No","none",3.141805,0.2549966,0.3550129,-0.004343491,0.01710868,-0.005080354,68.5,266,3.1,0.25977,0.36108,3e-05,0.02086,0.00026,0.1147,0.00663,0.05777,1e-05,-1.74686,1e-05,0.25976,0.08252,0.71944,0.70567,3.78962,0.70605,0.70626,0.70584,10,0.5,9.8,"Moving average",10,-1,-1,1.85,40,55,5,50,"0.975",494
"Yolo_bypass_2015_DS_01_B4","","","IsoFish",2017-07-07,"","No","none",3.084229,0.2510465,0.3503737,-0.004540809,0.01676565,-0.005249226,68.7,268,3.1,0.25582,0.35644,-0.00017,0.02052,9e-05,0.11534,0.00664,0.05756,-5e-05,-1.50622,-7e-05,0.25589,0.0828,0.71772,0.70581,3.72319,0.70605,0.70626,0.70584,10,0.5,9.8,"Moving average",10,-1,-1,1.85,40,55,5,50,"0.975",494
"Yolo_bypass_2015_DS_01_B4","","","IsoFish",2017-07-07,"","No","none",3.440414,0.2813334,0.3928571,-0.004513095,0.01914227,-0.005347612,68.9,270,3.4,0.28611,0.39892,-0.00014,0.02289,0,0.11575,0.00664,0.05738,-4e-05,-1.35304,-6e-05,0.28617,0.08303,0.71721,0.70606,4.15451,0.70602,0.70623,0.70582,10,0.5,9.8,"Moving average",10,-1,-1,1.85,40,55,5,50,"0.975",494
"Yolo_bypass_2015_DS_01_B4","","","IsoFish",2017-07-07,"","No","none",4.60652,0.3781962,0.5273557,-0.004480251,0.0272881,-0.005515237,69.3,274,4.6,0.38297,0.53342,-0.00011,0.03104,-0.00017,0.11564,0.00673,0.05819,-2e-05,-1.39166,-4e-05,0.38302,0.08304,0.71796,0.70627,5.56011,0.70603,0.70624,0.70582,10,0.5,9.8,"Moving average",10,-1,-1,1.85,40,55,5,50,"0.975",494
"Yolo_bypass_2015_DS_01_B4","","","IsoFish",2017-07-07,"","No","none",4.922974,0.4044718,0.5631972,-0.004404173,0.02888071,-0.005115291,69.5,276,4.9,0.40925,0.56926,-3e-05,0.03263,0.00023,0.11549,0.00662,0.05732,-1e-05,-1.4493,-1e-05,0.40926,0.08303,0.71891,0.70648,5.94025,0.70606,0.70624,0.70588,10,0.5,9.8,"Moving average",10,-1,-1,1.85,40,55,5,50,"0.975",494
"Yolo_bypass_2015_DS_01_B4","","","IsoFish",2017-07-07,"","No","none",5.06332,0.4153213,0.5785225,-0.004303696,0.03016134,-0.00534401,69.7,278,5.1,0.4201,0.58459,7e-05,0.03391,0,0.11532,0.00669,0.05801,1e-05,-1.51502,3e-05,0.42007,0.08286,0.71862,0.70647,6.10801,0.70608,0.70624,0.70591,10,0.5,9.8,"Moving average",10,-1,-1,1.85,40,55,5,50,"0.975",494
"Yolo_bypass_2015_DS_01_B4","","","IsoFish",2017-07-07,"","No","none",5.34614,0.439355,0.6116945,-0.003983338,0.03184407,-0.005212739,69.9,280,5.4,0.44413,0.61776,0.00039,0.03559,0.00013,0.11542,0.00665,0.05762,7e-05,-1.47566,0.00015,0.44398,0.08295,0.71894,0.70617,6.44959,0.70609,0.70625,0.70593,10,0.5,9.8,"Moving average",10,-1,-1,1.85,40,55,5,50,"0.975",494
"Yolo_bypass_2015_DS_01_B4","","","IsoFish",2017-07-07,"","No","none",5.430875,0.4460317,0.6214163,-0.004267508,0.03283537,-0.005159667,70.1,282,5.4,0.45081,0.62748,1e-04,0.03658,0.00018,0.11541,0.00673,0.0583,2e-05,-1.47971,4e-05,0.45077,0.08291,0.71844,0.70595,6.55183,0.70606,0.70623,0.70589,10,0.5,9.8,"Moving average",10,-1,-1,1.85,40,55,5,50,"0.975",494
"Yolo_bypass_2015_DS_01_B4","","","IsoFish",2017-07-07,"","No","none",5.06151,0.4143567,0.577293,-0.003898843,0.03030936,-0.00505551,70.3,284,5.1,0.41913,0.58336,0.00047,0.03406,0.00029,0.11511,0.00672,0.05838,9e-05,-1.59113,0.00019,0.41894,0.08267,0.71849,0.70595,6.10399,0.70601,0.70618,0.70583,10,0.5,9.8,"Moving average",10,-1,-1,1.85,40,55,5,50,"0.975",494
"Yolo_bypass_2015_DS_01_B4","","","IsoFish",2017-07-07,"","No","none",5.185079,0.425487,0.5930433,-0.004237202,0.03066926,-0.005312896,70.5,286,5.2,0.43026,0.59911,0.00013,0.03442,3e-05,0.11541,0.00663,0.05745,3e-05,-1.48013,5e-05,0.43021,0.08287,0.71817,0.70578,6.25493,0.70593,0.70608,0.70577,10,0.5,9.8,"Moving average",10,-1,-1,1.85,40,55,5,50,"0.975",494
"Yolo_bypass_2015_DS_01_B4","","","IsoFish",2017-07-07,"","No","none",5.111455,0.41939,0.5841522,-0.00418966,0.03033261,-0.005144937,70.7,288,5.1,0.42417,0.59022,0.00018,0.03408,2e-04,0.11533,0.00666,0.05775,4e-05,-1.5092,7e-05,0.42409,0.08287,0.71866,0.70582,6.16597,0.70585,0.70595,0.70576,10,0.5,9.8,"Moving average",10,-1,-1,1.85,40,55,5,50,"0.975",494
"Yolo_bypass_2015_DS_01_B4","","","IsoFish",2017-07-07,"","No","none",5.021528,0.4115981,0.5733308,-0.004001874,0.02986687,-0.00522746,70.9,290,5,0.41638,0.5794,0.00037,0.03362,0.00012,0.11524,0.00669,0.05802,7e-05,-1.54299,0.00015,0.41623,0.08279,0.71864,0.70597,6.05689,0.70583,0.7059,0.70576,10,0.5,9.8,"Moving average",10,-1,-1,1.85,40,55,5,50,"0.975",494
"Yolo_bypass_2015_DS_01_B4","","","IsoFish",2017-07-07,"","No","none",4.946581,0.4058402,0.5648456,-0.003992759,0.02939256,-0.005242647,71.1,292,5,0.41062,0.57091,0.00038,0.03314,1e-04,0.11527,0.00669,0.05805,8e-05,-1.53141,0.00015,0.41047,0.08288,0.71923,0.70575,5.96722,0.70585,0.70594,0.70575,10,0.5,9.8,"Moving average",10,-1,-1,1.85,40,55,5,50,"0.975",494
"Yolo_bypass_2015_DS_01_B4","","","IsoFish",2017-07-07,"","No","none",4.024623,0.328116,0.4560619,-0.004432799,0.02303796,-0.005425214,71.3,294,4,0.33289,0.46213,-6e-05,0.02679,-8e-05,0.11465,0.00665,0.05797,-2e-05,-1.76695,-2e-05,0.33292,0.08259,0.72035,0.70574,4.85257,0.70585,0.70595,0.70576,10,0.5,9.8,"Moving average",10,-1,-1,1.85,40,55,5,50,"0.975",494
"Yolo_bypass_2015_DS_01_B4","","","IsoFish",2017-07-07,"","No","none",3.693223,0.300851,0.4194509,-0.004277973,0.02060646,-0.005026331,71.5,296,3.7,0.30563,0.42552,9e-05,0.02436,0.00032,0.11502,0.00658,0.05724,3e-05,-1.62511,4e-05,0.30559,0.08261,0.71825,0.70566,4.4548,0.7059,0.70603,0.70577,10,0.5,9.8,"Moving average",10,-1,-1,1.85,40,55,5,50,"0.975",494
"Yolo_bypass_2015_DS_01_B4","","","IsoFish",2017-07-07,"","No","none",3.641084,0.2974231,0.4141873,-0.004092346,0.02076295,-0.005320258,71.7,298,3.6,0.3022,0.42025,0.00028,0.02451,2e-05,0.11523,0.00672,0.05833,8e-05,-1.54905,0.00011,0.30209,0.08283,0.71909,0.70575,4.39405,0.70593,0.70607,0.7058,10,0.5,9.8,"Moving average",10,-1,-1,1.85,40,55,5,50,"0.975",494
"Yolo_bypass_2015_DS_01_B4","","","IsoFish",2017-07-07,"","No","none",3.752919,0.3068182,0.428529,-0.004170137,0.02163363,-0.005062145,71.9,300,3.8,0.3116,0.43459,2e-04,0.02538,0.00028,0.11561,0.00675,0.05841,5e-05,-1.40302,8e-05,0.31152,0.08287,0.71698,0.7059,4.53053,0.70594,0.70608,0.70581,10,0.5,9.8,"Moving average",10,-1,-1,1.85,40,55,5,50,"0.975",494
"Yolo_bypass_2015_DS_01_B4","","","IsoFish",2017-07-07,"","No","none",3.775642,0.308921,0.4299353,-0.004277023,0.02150338,-0.00536307,72.1,302,3.8,0.3137,0.436,9e-05,0.02525,-2e-05,0.11529,0.00668,0.05792,2e-05,-1.52474,4e-05,0.31366,0.08294,0.71949,0.70616,4.55667,0.70596,0.70609,0.70583,10,0.5,9.8,"Moving average",10,-1,-1,1.85,40,55,5,50,"0.975",494
"Yolo_bypass_2015_DS_01_B4","","","IsoFish",2017-07-07,"","No","none",4.02904,0.3301899,0.4599876,-0.004104997,0.02316079,-0.005382101,72.3,304,4,0.33497,0.46605,0.00027,0.02691,-4e-05,0.1155,0.00667,0.05774,7e-05,-1.4464,0.00011,0.33486,0.08299,0.71873,0.70599,4.86298,0.70599,0.70611,0.70587,10,0.5,9.8,"Moving average",10,-1,-1,1.85,40,55,5,50,"0.975",494
"Yolo_bypass_2015_DS_01_B4","","","IsoFish",2017-07-07,"","No","none",3.835445,0.3133539,0.4364717,-0.004421385,0.02183079,-0.005155217,72.5,306,3.8,0.31813,0.44254,-5e-05,0.02558,0.00019,0.1152,0.00666,0.0578,-1e-05,-1.55997,-2e-05,0.31815,0.08282,0.71888,0.7063,4.62783,0.706,0.70611,0.70589,10,0.5,9.8,"Moving average",10,-1,-1,1.85,40,55,5,50,"0.975",494
"Yolo_bypass_2015_DS_01_B4","","","IsoFish",2017-07-07,"","No","none",4.069742,0.3331351,0.4650577,-0.003905652,0.02357774,-0.005240443,72.7,308,4.1,0.33791,0.47112,0.00047,0.02733,1e-04,0.11559,0.0067,0.058,0.00011,-1.41228,0.00019,0.33773,0.08286,0.71725,0.7061,4.91204,0.706,0.70611,0.7059,10,0.5,9.8,"Moving average",10,-1,-1,1.85,40,55,5,50,"0.975",494
"Yolo_bypass_2015_DS_01_B4","","","IsoFish",2017-07-07,"","No","none",4.31941,0.3543895,0.4934881,-0.004050218,0.02523179,-0.005266682,72.9,310,4.3,0.35917,0.49955,0.00032,0.02898,8e-05,0.11549,0.0067,0.05801,7e-05,-1.44959,0.00013,0.35904,0.083,0.71898,0.70606,5.2131,0.70597,0.7061,0.70584,10,0.5,9.8,"Moving average",10,-1,-1,1.85,40,55,5,50,"0.975",494
"Yolo_bypass_2015_DS_01_B4","","","IsoFish",2017-07-07,"","No","none",4.194077,0.343042,0.4780393,-0.004430254,0.02466469,-0.005291184,73.1,312,4.2,0.34782,0.4841,-6e-05,0.02841,5e-05,0.11526,0.00676,0.05869,-1e-05,-1.5371,-2e-05,0.34784,0.08282,0.71848,0.70597,5.06056,0.70593,0.70606,0.7058,10,0.5,9.8,"Moving average",10,-1,-1,1.85,40,55,5,50,"0.975",494
"Yolo_bypass_2015_DS_01_B4","","","IsoFish",2017-07-07,"","No","none",3.87967,0.3170037,0.4411868,-0.00442641,0.02205261,-0.004995482,73.3,314,3.9,0.32178,0.44725,-6e-05,0.0258,0.00035,0.1151,0.00664,0.05769,-1e-05,-1.59689,-2e-05,0.3218,0.08282,0.71946,0.70599,4.68064,0.70592,0.70605,0.70579,10,0.5,9.8,"Moving average",10,-1,-1,1.85,40,55,5,50,"0.975",494
"Yolo_bypass_2015_DS_01_B4","","","IsoFish",2017-07-07,"","No","none",3.800592,0.3104433,0.4324259,-0.00398961,0.02167672,-0.005467609,73.5,316,3.8,0.31522,0.43849,0.00038,0.02543,-0.00012,0.11519,0.00668,0.05799,1e-04,-1.56303,0.00015,0.31507,0.08277,0.71888,0.70577,4.58569,0.70588,0.70598,0.70578,10,0.5,9.8,"Moving average",10,-1,-1,1.85,40,55,5,50,"0.975",494
"Yolo_bypass_2015_DS_01_B4","","","IsoFish",2017-07-07,"","No","none",3.833236,0.3130252,0.4364024,-0.00411355,0.02213703,-0.005119492,73.9,320,3.8,0.3178,0.44247,0.00026,0.02589,0.00022,0.11525,0.00674,0.05851,7e-05,-1.54175,1e-04,0.3177,0.08275,0.71825,0.70577,4.62541,0.70585,0.70594,0.70576,10,0.5,9.8,"Moving average",10,-1,-1,1.85,40,55,5,50,"0.975",494
"Yolo_bypass_2015_DS_01_B4","","","IsoFish",2017-07-07,"","No","none",4.022143,0.3291154,0.4587751,-0.003892432,0.02344327,-0.005080492,74.1,322,4,0.33389,0.46484,0.00048,0.02719,0.00026,0.11539,0.00675,0.0585,0.00012,-1.48533,0.00019,0.3337,0.08284,0.7183,0.70558,4.85399,0.70583,0.70591,0.70576,10,0.5,9.8,"Moving average",10,-1,-1,1.85,40,55,5,50,"0.975",494
"Yolo_bypass_2015_DS_01_B4","","","IsoFish",2017-07-07,"","No","none",4.226388,0.346236,0.4828227,-0.004094453,0.02512683,-0.005067633,74.3,324,4.2,0.35101,0.48889,0.00028,0.02888,0.00028,0.11551,0.00682,0.05907,7e-05,-1.44267,0.00011,0.3509,0.08291,0.71798,0.70578,5.10117,0.70581,0.70588,0.70574,10,0.5,9.8,"Moving average",10,-1,-1,1.85,40,55,5,50,"0.975",494
"Yolo_bypass_2015_DS_01_B4","","","IsoFish",2017-07-07,"","No","none",4.147439,0.3389068,0.4725503,-0.004439224,0.02393651,-0.005189372,74.5,326,4.2,0.34368,0.47861,-7e-05,0.02769,0.00015,0.11523,0.00667,0.05785,-2e-05,-1.54743,-3e-05,0.34371,0.08275,0.71808,0.7059,5.00357,0.70578,0.70584,0.70572,10,0.5,9.8,"Moving average",10,-1,-1,1.85,40,55,5,50,"0.975",494
"Yolo_bypass_2015_DS_01_B4","","","IsoFish",2017-07-07,"","No","none",4.248635,0.3483545,0.4851143,-0.004094746,0.0252079,-0.005027272,74.7,328,4.3,0.35313,0.49118,0.00028,0.02896,0.00032,0.11544,0.00681,0.05896,6e-05,-1.46731,0.00011,0.35302,0.08297,0.71895,0.70584,5.12791,0.70579,0.70584,0.70573,10,0.5,9.8,"Moving average",10,-1,-1,1.85,40,55,5,50,"0.975",494
"Yolo_bypass_2015_DS_01_B4","","","IsoFish",2017-07-07,"","No","none",4.087982,0.3343933,0.4657718,-0.004162662,0.02361399,-0.00521673,74.9,330,4.1,0.33917,0.47184,0.00021,0.02736,0.00013,0.11525,0.00668,0.05799,5e-05,-1.54072,8e-05,0.33909,0.08282,0.71883,0.70586,4.93239,0.7058,0.70586,0.70574,10,0.5,9.8,"Moving average",10,-1,-1,1.85,40,55,5,50,"0.975",494
"Yolo_bypass_2015_DS_01_B4","","","IsoFish",2017-07-07,"","No","none",3.991975,0.3261564,0.4546206,-0.004058897,0.0229625,-0.005295814,75.1,332,4,0.33093,0.46069,0.00031,0.02671,5e-05,0.11523,0.00668,0.05798,8e-05,-1.5489,0.00012,0.33081,0.08274,0.71835,0.70585,4.8163,0.70583,0.70587,0.70578,10,0.5,9.8,"Moving average",10,-1,-1,1.85,40,55,5,50,"0.975",494
"Yolo_bypass_2015_DS_01_B4","","","IsoFish",2017-07-07,"","No","none",4.243466,0.3472557,0.4833277,-0.003933302,0.02504418,-0.005208381,75.5,336,4.2,0.35203,0.48939,0.00044,0.02879,0.00014,0.11516,0.00678,0.05884,1e-04,-1.57302,0.00017,0.35186,0.0828,0.71933,0.70576,5.11963,0.70585,0.7059,0.7058,10,0.5,9.8,"Moving average",10,-1,-1,1.85,40,55,5,50,"0.975",494
"Yolo_bypass_2015_DS_01_B4","","","IsoFish",2017-07-07,"","No","none",4.125429,0.3371708,0.4702584,-0.004392378,0.02390421,-0.005370559,75.7,338,4.1,0.34195,0.47632,-2e-05,0.02765,-3e-05,0.11529,0.00669,0.05806,-1e-05,-1.5251,-1e-05,0.34196,0.08277,0.71789,0.7057,4.97748,0.70587,0.70594,0.7058,10,0.5,9.8,"Moving average",10,-1,-1,1.85,40,55,5,50,"0.975",494
"Yolo_bypass_2015_DS_01_B4","","","IsoFish",2017-07-07,"","No","none",4.179173,0.3422685,0.4766828,-0.003962111,0.0244305,-0.005169937,75.9,340,4.2,0.34705,0.48275,0.00041,0.02818,0.00017,0.11534,0.00673,0.05837,1e-04,-1.50451,0.00016,0.34688,0.08288,0.7189,0.70581,5.0431,0.70587,0.70594,0.7058,10,0.5,9.8,"Moving average",10,-1,-1,1.85,40,55,5,50,"0.975",494
"Yolo_bypass_2015_DS_01_B4","","","IsoFish",2017-07-07,"","No","none",4.160341,0.34037,0.4742654,-0.00396144,0.02430878,-0.005177743,76.1,342,4.2,0.34515,0.48033,0.00041,0.02806,0.00017,0.11528,0.00673,0.05841,1e-04,-1.52673,0.00016,0.34498,0.0828,0.71856,0.70591,5.01983,0.70587,0.70594,0.7058,10,0.5,9.8,"Moving average",10,-1,-1,1.85,40,55,5,50,"0.975",494
"Yolo_bypass_2015_DS_01_B4","","","IsoFish",2017-07-07,"","No","none",3.898962,0.3187185,0.4442831,-0.004382978,0.02244648,-0.005141396,76.3,344,3.9,0.3235,0.45035,-1e-05,0.0262,2e-04,0.11532,0.00671,0.05817,0,-1.51215,0,0.3235,0.08284,0.71832,0.70586,4.70512,0.70586,0.70593,0.70579,10,0.5,9.8,"Moving average",10,-1,-1,1.85,40,55,5,50,"0.975",494
"Yolo_bypass_2015_DS_01_B4","","","IsoFish",2017-07-07,"","No","none",3.818189,0.3122581,0.4346095,-0.004212556,0.02206913,-0.005036352,76.5,346,3.8,0.31704,0.44067,0.00016,0.02582,0.00031,0.11523,0.00675,0.05859,4e-05,-1.54756,6e-05,0.31697,0.08288,0.71943,0.706,4.60777,0.70585,0.70593,0.70577,10,0.5,9.8,"Moving average",10,-1,-1,1.85,40,55,5,50,"0.975",494
"Yolo_bypass_2015_DS_01_B4","","","IsoFish",2017-07-07,"","No","none",3.819985,0.3120374,0.4354084,-0.0040385,0.02185272,-0.005350353,76.7,348,3.8,0.31681,0.44147,0.00033,0.0256,-1e-05,0.11538,0.00669,0.05799,9e-05,-1.48915,0.00013,0.31668,0.08277,0.71763,0.70608,4.60986,0.70584,0.70593,0.70575,10,0.5,9.8,"Moving average",10,-1,-1,1.85,40,55,5,50,"0.975",494
"Yolo_bypass_2015_DS_01_B4","","","IsoFish",2017-07-07,"","No","none",4.004733,0.3282864,0.4569758,-0.003967885,0.02348318,-0.005234133,76.9,350,4,0.33306,0.46304,4e-04,0.02723,0.00011,0.11545,0.00679,0.05881,1e-04,-1.46561,0.00016,0.3329,0.083,0.7193,0.70588,4.83403,0.70586,0.70596,0.70577,10,0.5,9.8,"Moving average",10,-1,-1,1.85,40,55,5,50,"0.975",494
"Yolo_bypass_2015_DS_01_B4","","","IsoFish",2017-07-07,"","No","none",3.916798,0.3202626,0.4459676,-0.004083091,0.02262108,-0.005437766,77.1,352,3.9,0.32504,0.45203,0.00029,0.02637,-9e-05,0.11523,0.00672,0.05834,7e-05,-1.548,0.00012,0.32492,0.08283,0.71906,0.70583,4.72624,0.70587,0.70597,0.70577,10,0.5,9.8,"Moving average",10,-1,-1,1.85,40,55,5,50,"0.975",494
"Yolo_bypass_2015_DS_01_B4","","","IsoFish",2017-07-07,"","No","none",3.968862,0.3242514,0.4528311,-0.004322111,0.02306675,-0.004937154,77.3,354,4,0.32903,0.4589,5e-05,0.02682,0.00041,0.11545,0.00675,0.05844,1e-05,-1.46594,2e-05,0.32901,0.08277,0.717,0.70579,4.7897,0.70591,0.70604,0.70578,10,0.5,9.8,"Moving average",10,-1,-1,1.85,40,55,5,50,"0.975",494
"Yolo_bypass_2015_DS_01_B4","","","IsoFish",2017-07-07,"","No","none",4.170192,0.3416899,0.4762,-0.004150035,0.02457448,-0.005148373,77.5,356,4.2,0.34647,0.48226,0.00022,0.02832,2e-04,0.11548,0.00678,0.05873,5e-05,-1.45455,9e-05,0.34638,0.08294,0.71842,0.70567,5.03328,0.70594,0.70609,0.70579,10,0.5,9.8,"Moving average",10,-1,-1,1.85,40,55,5,50,"0.975",494
"Yolo_bypass_2015_DS_01_B4","","","IsoFish",2017-07-07,"","No","none",3.875681,0.3161074,0.4407184,-0.004165026,0.0222576,-0.005248865,77.7,358,3.9,0.32088,0.44678,0.00021,0.02601,1e-04,0.1151,0.0067,0.05821,5e-05,-1.59779,8e-05,0.3208,0.08264,0.71821,0.70559,4.67539,0.70595,0.70611,0.7058,10,0.5,9.8,"Moving average",10,-1,-1,1.85,40,55,5,50,"0.975",494
"Yolo_bypass_2015_DS_01_B4","","","IsoFish",2017-07-07,"","No","none",4.135471,0.3388078,0.4723934,-0.004369945,0.02426856,-0.00517692,77.9,360,4.1,0.34358,0.47846,0,0.02802,0.00017,0.11553,0.00677,0.05856,0,-1.43609,0,0.34358,0.08296,0.71811,0.70603,4.99165,0.70597,0.70612,0.70581,10,0.5,9.8,"Moving average",10,-1,-1,1.85,40,55,5,50,"0.975",494
"Yolo_bypass_2015_DS_01_B4","","","IsoFish",2017-07-07,"","No","none",4.066563,0.332578,0.4633045,-0.003913229,0.02364193,-0.004993571,78.1,362,4.1,0.33736,0.46937,0.00046,0.02739,0.00035,0.11525,0.00673,0.05836,0.00011,-1.54061,0.00018,0.33717,0.08279,0.71874,0.70596,4.90661,0.70599,0.70615,0.70584,10,0.5,9.8,"Moving average",10,-1,-1,1.85,40,55,5,50,"0.975",494
"Yolo_bypass_2015_DS_01_B4","","","IsoFish",2017-07-07,"","No","none",4.078187,0.3342015,0.4647414,-0.004069835,0.0238923,-0.005338151,78.3,364,4.1,0.33898,0.47081,3e-04,0.02764,1e-05,0.11527,0.00677,0.05871,7e-05,-1.53162,0.00012,0.33886,0.08297,0.72,0.70627,4.92161,0.706,0.70615,0.70585,10,0.5,9.8,"Moving average",10,-1,-1,1.85,40,55,5,50,"0.975",494
"Yolo_bypass_2015_DS_01_B4","","","IsoFish",2017-07-07,"","No","none",4.06355,0.3324567,0.4634052,-0.00424263,0.02353963,-0.005400011,78.5,366,4.1,0.33723,0.46947,0.00013,0.02729,-6e-05,0.11536,0.00671,0.05813,3e-05,-1.49905,5e-05,0.33718,0.08285,0.71833,0.70631,4.90361,0.706,0.70615,0.70584,10,0.5,9.8,"Moving average",10,-1,-1,1.85,40,55,5,50,"0.975",494
"Yolo_bypass_2015_DS_01_B4","","","IsoFish",2017-07-07,"","No","none",4.209807,0.345015,0.4808321,-0.004316313,0.02472959,-0.004989163,78.7,368,4.2,0.34979,0.4869,5e-05,0.02848,0.00035,0.11549,0.00676,0.05849,1e-05,-1.44941,2e-05,0.34977,0.08296,0.71841,0.7062,5.08107,0.70603,0.70616,0.70589,10,0.5,9.8,"Moving average",10,-1,-1,1.85,40,55,5,50,"0.975",494
"Yolo_bypass_2015_DS_01_B4","","","IsoFish",2017-07-07,"","No","none",4.026581,0.3294227,0.4582971,-0.004172388,0.02333914,-0.00542127,78.9,370,4,0.3342,0.46436,2e-04,0.02709,-8e-05,0.11515,0.00672,0.05834,5e-05,-1.57805,8e-05,0.33412,0.08285,0.7197,0.70602,4.85827,0.706,0.70614,0.70585,10,0.5,9.8,"Moving average",10,-1,-1,1.85,40,55,5,50,"0.975",494
"Yolo_bypass_2015_DS_01_B4","","","IsoFish",2017-07-07,"","No","none",3.99149,0.3263253,0.4554814,-0.004085635,0.02320919,-0.005079676,79.1,372,4,0.3311,0.46155,0.00029,0.02696,0.00026,0.11546,0.00674,0.05841,7e-05,-1.46236,0.00011,0.33099,0.0828,0.71738,0.7061,4.8171,0.70598,0.70613,0.70583,10,0.5,9.8,"Moving average",10,-1,-1,1.85,40,55,5,50,"0.975",494
"Yolo_bypass_2015_DS_01_B4","","","IsoFish",2017-07-07,"","No","none",3.968235,0.3245355,0.4519582,-0.004267,0.02313022,-0.005285947,79.3,374,4,0.32931,0.45802,1e-04,0.02688,6e-05,0.11524,0.00676,0.05869,3e-05,-1.54196,4e-05,0.32927,0.08285,0.71899,0.70587,4.78853,0.70594,0.70608,0.70581,10,0.5,9.8,"Moving average",10,-1,-1,1.85,40,55,5,50,"0.975",494
"Yolo_bypass_2015_DS_01_B4","","","IsoFish",2017-07-07,"","No","none",4.336404,0.3559328,0.4964352,-0.003953421,0.02529776,-0.00517418,79.5,376,4.3,0.36071,0.5025,0.00042,0.02905,0.00017,0.11572,0.00669,0.05781,1e-04,-1.36422,0.00017,0.36054,0.08303,0.71783,0.70561,5.23461,0.70593,0.70605,0.70581,10,0.5,9.8,"Moving average",10,-1,-1,1.85,40,55,5,50,"0.975",494
"Yolo_bypass_2015_DS_01_B4","","","IsoFish",2017-07-07,"","No","none",4.078551,0.333034,0.4639866,-0.004178389,0.02370936,-0.00511779,79.7,378,4.1,0.33781,0.47005,0.00019,0.02746,0.00023,0.11508,0.00672,0.05842,5e-05,-1.60534,8e-05,0.33773,0.08268,0.71867,0.7059,4.91991,0.70592,0.70604,0.70581,10,0.5,9.8,"Moving average",10,-1,-1,1.85,40,55,5,50,"0.975",494
"Yolo_bypass_2015_DS_01_B4","","","IsoFish",2017-07-07,"","No","none",4.189867,0.3426172,0.47798,-0.00420238,0.02451527,-0.005045556,80.1,382,4.2,0.34739,0.48404,0.00017,0.02826,3e-04,0.11536,0.00674,0.05839,4e-05,-1.49878,7e-05,0.34733,0.08278,0.71769,0.70574,5.05562,0.70594,0.70607,0.70581,10,0.5,9.8,"Moving average",10,-1,-1,1.85,40,55,5,50,"0.975",494
"Yolo_bypass_2015_DS_01_B4","","","IsoFish",2017-07-07,"","No","none",4.169634,0.3415071,0.4755101,-0.004316699,0.02438539,-0.005530893,80.3,384,4.2,0.34628,0.48157,5e-05,0.02814,-0.00019,0.11533,0.00674,0.05842,1e-05,-1.51105,2e-05,0.34626,0.08292,0.71907,0.70578,5.03172,0.70594,0.70608,0.70581,10,0.5,9.8,"Moving average",10,-1,-1,1.85,40,55,5,50,"0.975",494
"Yolo_bypass_2015_DS_01_B4","","","IsoFish",2017-07-07,"","No","none",4.493492,0.3684635,0.5144116,-0.003868311,0.02651107,-0.004901347,80.5,386,4.5,0.37324,0.52048,5e-04,0.03026,0.00044,0.11567,0.00673,0.05814,0.00011,-1.38105,2e-04,0.37304,0.08291,0.71711,0.70588,5.42339,0.70597,0.70611,0.70584,10,0.5,9.8,"Moving average",10,-1,-1,1.85,40,55,5,50,"0.975",494
"Yolo_bypass_2015_DS_01_B4","","","IsoFish",2017-07-07,"","No","none",4.491789,0.3681963,0.5126019,-0.004223215,0.02637106,-0.005132634,80.7,388,4.5,0.37297,0.51867,0.00015,0.03012,0.00021,0.11531,0.0067,0.05807,3e-05,-1.51619,6e-05,0.37291,0.08291,0.7191,0.70618,5.41961,0.70601,0.70612,0.7059,10,0.5,9.8,"Moving average",10,-1,-1,1.85,40,55,5,50,"0.975",494
"Yolo_bypass_2015_DS_01_B4","","","IsoFish",2017-07-07,"","No","none",4.41713,0.3617427,0.5041676,-0.004134832,0.0258593,-0.00524502,80.9,390,4.4,0.36652,0.51023,0.00024,0.02961,1e-04,0.11535,0.00669,0.05803,5e-05,-1.50127,9e-05,0.36643,0.08284,0.71834,0.70615,5.32951,0.70602,0.70612,0.70591,10,0.5,9.8,"Moving average",10,-1,-1,1.85,40,55,5,50,"0.975",494
"Yolo_bypass_2015_DS_01_B4","","","IsoFish",2017-07-07,"","No","none",4.565674,0.3747881,0.521817,-0.003973186,0.02695579,-0.005328588,81.1,392,4.6,0.37957,0.52788,4e-04,0.03071,2e-05,0.11546,0.00672,0.05817,9e-05,-1.45882,0.00016,0.37941,0.08299,0.71903,0.70621,5.50979,0.70606,0.70615,0.70597,10,0.5,9.8,"Moving average",10,-1,-1,1.85,40,55,5,50,"0.975",494
"Yolo_bypass_2015_DS_01_B4","","","IsoFish",2017-07-07,"","No","none",4.546791,0.3728131,0.5190071,-0.004047768,0.02688357,-0.005224917,81.3,394,4.6,0.37759,0.52507,0.00032,0.03063,0.00012,0.11533,0.00673,0.05834,7e-05,-1.51099,0.00013,0.37746,0.08291,0.71912,0.70612,5.48607,0.70611,0.70619,0.70603,10,0.5,9.8,"Moving average",10,-1,-1,1.85,40,55,5,50,"0.975",494
"Yolo_bypass_2015_DS_01_B4","","","IsoFish",2017-07-07,"","No","none",4.326381,0.3539559,0.4932281,-0.004180249,0.02542137,-0.005483878,81.5,396,4.3,0.35873,0.49929,0.00019,0.02917,-0.00014,0.11524,0.00673,0.05842,4e-05,-1.54235,8e-05,0.35866,0.08278,0.71848,0.70614,5.21962,0.70618,0.70629,0.70607,10,0.5,9.8,"Moving average",10,-1,-1,1.85,40,55,5,50,"0.975",494
"Yolo_bypass_2015_DS_01_B4","","","IsoFish",2017-07-07,"","No","none",4.317036,0.3536044,0.4927539,-0.004188143,0.02523277,-0.005148784,81.7,398,4.3,0.35838,0.49882,0.00018,0.02898,2e-04,0.11538,0.0067,0.0581,4e-05,-1.48972,7e-05,0.35831,0.08288,0.71846,0.70598,5.20926,0.70621,0.70633,0.70609,10,0.5,9.8,"Moving average",10,-1,-1,1.85,40,55,5,50,"0.975",494
"Yolo_bypass_2015_DS_01_B4","","","IsoFish",2017-07-07,"","No","none",4.4417,0.363978,0.5074263,-0.004141857,0.02602396,-0.005274165,81.9,400,4.4,0.36876,0.51349,0.00023,0.02977,7e-05,0.11545,0.00669,0.05798,5e-05,-1.46527,9e-05,0.36866,0.08289,0.71813,0.70598,5.35975,0.70624,0.70636,0.70611,10,0.5,9.8,"Moving average",10,-1,-1,1.85,40,55,5,50,"0.975",494
"Yolo_bypass_2015_DS_01_B4","","","IsoFish",2017-07-07,"","No","none",4.532246,0.371444,0.5177793,-0.004196519,0.02666717,-0.005108013,82.1,402,4.5,0.37622,0.52384,0.00017,0.03042,0.00024,0.11543,0.0067,0.05806,4e-05,-1.47361,7e-05,0.37615,0.08288,0.71819,0.70617,5.46878,0.70625,0.70638,0.70612,10,0.5,9.8,"Moving average",10,-1,-1,1.85,40,55,5,50,"0.975",494
"Yolo_bypass_2015_DS_01_B4","","","IsoFish",2017-07-07,"","No","none",4.682919,0.3844019,0.5354244,-0.00394632,0.02766826,-0.00514767,82.3,404,4.7,0.38918,0.54149,0.00042,0.03142,2e-04,0.11548,0.0067,0.05802,9e-05,-1.45322,0.00017,0.38901,0.08296,0.71872,0.70632,5.65095,0.70627,0.7064,0.70614,10,0.5,9.8,"Moving average",10,-1,-1,1.85,40,55,5,50,"0.975",494
"Yolo_bypass_2015_DS_01_B4","","","IsoFish",2017-07-07,"","No","none",4.625003,0.3793,0.5281103,-0.004312961,0.02730813,-0.005245253,82.5,406,4.6,0.38408,0.53417,6e-05,0.03106,1e-04,0.11534,0.00671,0.05814,1e-05,-1.5042,2e-05,0.38405,0.08293,0.71901,0.70659,5.58041,0.70625,0.70639,0.70612,10,0.5,9.8,"Moving average",10,-1,-1,1.85,40,55,5,50,"0.975",494
"Yolo_bypass_2015_DS_01_B4","","","IsoFish",2017-07-07,"","No","none",4.67809,0.3838785,0.5340835,-0.004047388,0.02727663,-0.005003657,82.7,408,4.7,0.38866,0.54015,0.00032,0.03103,0.00034,0.11531,0.00662,0.05744,7e-05,-1.5163,0.00013,0.38853,0.08294,0.71954,0.70642,5.64391,0.70629,0.70641,0.70616,10,0.5,9.8,"Moving average",10,-1,-1,1.85,40,55,5,50,"0.975",494
"Yolo_bypass_2015_DS_01_B4","","","IsoFish",2017-07-07,"","No","none",4.43818,0.3638785,0.5054551,-0.004045195,0.02603351,-0.005360385,82.9,410,4.4,0.36866,0.51152,0.00033,0.02978,-2e-05,0.1151,0.0067,0.05822,7e-05,-1.59824,0.00013,0.36853,0.08292,0.72071,0.70644,5.35413,0.7063,0.70641,0.70619,10,0.5,9.8,"Moving average",10,-1,-1,1.85,40,55,5,50,"0.975",494
"Yolo_bypass_2015_DS_01_B4","","","IsoFish",2017-07-07,"","No","none",4.483331,0.3669007,0.5118178,-0.004029246,0.02624788,-0.005129753,83.1,412,4.5,0.37168,0.51788,0.00034,0.03,0.00021,0.11536,0.00668,0.05792,8e-05,-1.50012,0.00014,0.37154,0.08276,0.71769,0.70634,5.40887,0.70631,0.70642,0.7062,10,0.5,9.8,"Moving average",10,-1,-1,1.85,40,55,5,50,"0.975",494
"Yolo_bypass_2015_DS_01_B4","","","IsoFish",2017-07-07,"","No","none",4.777749,0.3924639,0.5467731,-0.003947635,0.02816092,-0.004958334,83.3,414,4.8,0.39724,0.55284,0.00042,0.03191,0.00039,0.11556,0.00667,0.05772,9e-05,-1.42189,0.00017,0.39707,0.083,0.71855,0.70631,5.76569,0.70628,0.7064,0.70616,10,0.5,9.8,"Moving average",10,-1,-1,1.85,40,55,5,50,"0.975",494
"Yolo_bypass_2015_DS_01_B4","","","IsoFish",2017-07-07,"","No","none",4.708426,0.3860127,0.5377501,-0.004140757,0.02787336,-0.005181905,83.5,416,4.7,0.39079,0.54381,0.00023,0.03162,0.00016,0.11535,0.00671,0.05815,5e-05,-1.50281,9e-05,0.3907,0.08287,0.71861,0.70598,5.68068,0.70624,0.70634,0.70614,10,0.5,9.8,"Moving average",10,-1,-1,1.85,40,55,5,50,"0.975",494
"Yolo_bypass_2015_DS_01_B4","","","IsoFish",2017-07-07,"","No","none",4.765109,0.3911721,0.5442871,-0.003760877,0.02815618,-0.005228552,83.7,418,4.8,0.39595,0.55035,0.00061,0.03191,0.00012,0.11535,0.00669,0.05797,0.00013,-1.50291,0.00024,0.39571,0.08294,0.71945,0.70632,5.74919,0.7062,0.7063,0.70611,10,0.5,9.8,"Moving average",10,-1,-1,1.85,40,55,5,50,"0.975",494
"Yolo_bypass_2015_DS_01_B4","","","IsoFish",2017-07-07,"","No","none",4.62972,0.3787348,0.5276638,-0.004552141,0.0271705,-0.005238742,83.9,420,4.6,0.38351,0.53373,-0.00018,0.03092,0.00011,0.11513,0.00667,0.05793,-4e-05,-1.58492,-7e-05,0.38358,0.08274,0.71855,0.70614,5.58407,0.70617,0.70625,0.70608,10,0.5,9.8,"Moving average",10,-1,-1,1.85,40,55,5,50,"0.975",494
"Yolo_bypass_2015_DS_01_B4","","","IsoFish",2017-07-07,"","No","none",4.673751,0.3837537,0.534098,-0.003898048,0.02740364,-0.005046368,84.1,422,4.7,0.38853,0.54016,0.00047,0.03115,3e-04,0.11542,0.00666,0.05767,1e-04,-1.47479,0.00019,0.38834,0.08298,0.71928,0.70623,5.63953,0.70613,0.70621,0.70605,10,0.5,9.8,"Moving average",10,-1,-1,1.85,40,55,5,50,"0.975",494
"Yolo_bypass_2015_DS_01_B4","","","IsoFish",2017-07-07,"","No","none",4.724895,0.3870209,0.5396672,-0.004450411,0.02778367,-0.005542378,84.3,424,4.7,0.3918,0.54573,-8e-05,0.03153,-2e-04,0.11535,0.00667,0.05778,-2e-05,-1.50142,-3e-05,0.39183,0.08282,0.71793,0.70603,5.70011,0.70612,0.70619,0.70605,10,0.5,9.8,"Moving average",10,-1,-1,1.85,40,55,5,50,"0.975",494
"Yolo_bypass_2015_DS_01_B4","","","IsoFish",2017-07-07,"","No","none",4.864419,0.3994739,0.5559986,-0.003674893,0.02876066,-0.00508896,84.5,426,4.9,0.40425,0.56206,7e-04,0.03251,0.00026,0.1154,0.00667,0.05784,0.00014,-1.48306,0.00028,0.40397,0.08294,0.71923,0.70619,5.86908,0.70613,0.70619,0.70606,10,0.5,9.8,"Moving average",10,-1,-1,1.85,40,55,5,50,"0.975",494
"Yolo_bypass_2015_DS_01_B4","","","IsoFish",2017-07-07,"","No","none",4.982297,0.4085834,0.5695428,-0.003989711,0.02941202,-0.005263224,84.7,428,5,0.41336,0.57561,0.00038,0.03316,8e-05,0.11539,0.00665,0.05761,8e-05,-1.48752,0.00015,0.41321,0.08283,0.71813,0.70606,6.01039,0.70609,0.70614,0.70604,10,0.5,9.8,"Moving average",10,-1,-1,1.85,40,55,5,50,"0.975",494
"Yolo_bypass_2015_DS_01_B4","","","IsoFish",2017-07-07,"","No","none",5.096376,0.418381,0.5825835,-0.004216755,0.03028356,-0.005027356,84.9,430,5.1,0.42316,0.58865,0.00015,0.03403,0.00032,0.11536,0.00667,0.05782,3e-05,-1.4966,6e-05,0.4231,0.08292,0.71886,0.70606,6.14827,0.70609,0.70614,0.70604,10,0.5,9.8,"Moving average",10,-1,-1,1.85,40,55,5,50,"0.975",494
"Yolo_bypass_2015_DS_01_B4","","","IsoFish",2017-07-07,"","No","none",5.206807,0.4274902,0.5957513,-0.004279032,0.03107713,-0.005416165,85.1,432,5.2,0.43227,0.60182,9e-05,0.03483,-7e-05,0.11545,0.00668,0.05787,2e-05,-1.46563,4e-05,0.43223,0.08292,0.71827,0.70601,6.2818,0.70609,0.70615,0.70604,10,0.5,9.8,"Moving average",10,-1,-1,1.85,40,55,5,50,"0.975",494
"Yolo_bypass_2015_DS_01_B4","","","IsoFish",2017-07-07,"","No","none",4.997291,0.4095721,0.57076,-0.004133497,0.02947958,-0.005137017,85.3,434,5,0.41435,0.57682,0.00024,0.03323,0.00021,0.11529,0.00664,0.05761,5e-05,-1.52621,9e-05,0.41425,0.08279,0.71833,0.70616,6.02772,0.70611,0.70616,0.70605,10,0.5,9.8,"Moving average",10,-1,-1,1.85,40,55,5,50,"0.975",494
"Yolo_bypass_2015_DS_01_B4","","","IsoFish",2017-07-07,"","No","none",5.128752,0.4210349,0.5863869,-0.004107174,0.03074424,-0.00516381,85.5,436,5.1,0.42581,0.59245,0.00026,0.03449,0.00018,0.11538,0.00672,0.05822,5e-05,-1.49157,0.00011,0.42571,0.08291,0.71873,0.70605,6.18752,0.7061,0.70614,0.70605,10,0.5,9.8,"Moving average",10,-1,-1,1.85,40,55,5,50,"0.975",494
"Yolo_bypass_2015_DS_01_B4","","","IsoFish",2017-07-07,"","No","none",5.371503,0.4414583,0.6148861,-0.00404086,0.03208912,-0.005330526,85.7,438,5.4,0.44624,0.62095,0.00033,0.03584,1e-05,0.11547,0.00666,0.05772,6e-05,-1.45714,0.00013,0.4461,0.08296,0.71863,0.706,6.48051,0.70612,0.70618,0.70606,10,0.5,9.8,"Moving average",10,-1,-1,1.85,40,55,5,50,"0.975",494
"Yolo_bypass_2015_DS_01_B4","","","IsoFish",2017-07-07,"","No","none",5.135759,0.420956,0.5861018,-0.004190508,0.03043701,-0.005097833,85.9,440,5.1,0.42573,0.59217,0.00018,0.03419,0.00025,0.11517,0.00665,0.05773,4e-05,-1.57189,7e-05,0.42566,0.08278,0.71894,0.70614,6.19389,0.70612,0.70618,0.70606,10,0.5,9.8,"Moving average",10,-1,-1,1.85,40,55,5,50,"0.975",494
"Yolo_bypass_2015_DS_01_B4","","","IsoFish",2017-07-07,"","No","none",4.893226,0.4009825,0.5584573,-0.004158557,0.02901406,-0.00520027,86.1,442,4.9,0.40576,0.56452,0.00021,0.03276,0.00014,0.11522,0.00669,0.05804,4e-05,-1.54976,8e-05,0.40567,0.0828,0.71877,0.70623,5.9023,0.70612,0.70618,0.70606,10,0.5,9.8,"Moving average",10,-1,-1,1.85,40,55,5,50,"0.975",494
"Yolo_bypass_2015_DS_01_B4","","","IsoFish",2017-07-07,"","No","none",5.037361,0.4135998,0.5759634,-0.003974578,0.02982328,-0.005164811,86.3,444,5,0.41838,0.58203,4e-04,0.03357,0.00018,0.1154,0.00666,0.05768,8e-05,-1.48252,0.00016,0.41822,0.08292,0.71883,0.70617,6.0773,0.7061,0.70617,0.70603,10,0.5,9.8,"Moving average",10,-1,-1,1.85,40,55,5,50,"0.975",494
"Yolo_bypass_2015_DS_01_B4","","","IsoFish",2017-07-07,"","No","none",5.129984,0.4213838,0.5864525,-0.004076345,0.03046366,-0.005090384,86.5,446,5.1,0.42616,0.59252,0.00029,0.03421,0.00025,0.11536,0.00666,0.05774,6e-05,-1.4972,0.00012,0.42604,0.08295,0.71924,0.70607,6.18888,0.70607,0.70617,0.70597,10,0.5,9.8,"Moving average",10,-1,-1,1.85,40,55,5,50,"0.975",494
"Yolo_bypass_2015_DS_01_B4","","","IsoFish",2017-07-07,"","No","none",4.942462,0.4053063,0.5644356,-0.00418545,0.0292571,-0.005508684,86.7,448,4.9,0.41008,0.5705,0.00019,0.03301,-0.00016,0.11529,0.00667,0.05786,4e-05,-1.52647,7e-05,0.41001,0.08285,0.71881,0.70631,5.9621,0.70599,0.70619,0.70578,10,0.5,9.8,"Moving average",10,-1,-1,1.85,40,55,5,50,"0.975",494
"Yolo_bypass_2015_DS_01_B4","","","IsoFish",2017-07-07,"","No","none",4.83355,0.3959118,0.5517007,-0.003923813,0.0286103,-0.005186844,86.9,450,4.8,0.40069,0.55777,0.00045,0.03236,0.00016,0.11525,0.00669,0.05802,9e-05,-1.54043,0.00018,0.40051,0.08276,0.71838,0.70606,5.8303,0.70592,0.70615,0.7057,10,0.5,9.8,"Moving average",10,-1,-1,1.85,40,55,5,50,"0.975",494
"Yolo_bypass_2015_DS_01_B4","","","IsoFish",2017-07-07,"","No","none",4.90028,0.4024523,0.559908,-0.004193028,0.02889284,-0.005302515,87.1,452,4.9,0.40723,0.56597,0.00018,0.03264,4e-05,0.11535,0.00665,0.05767,4e-05,-1.50067,7e-05,0.40716,0.08299,0.71952,0.70603,5.91217,0.70583,0.70607,0.70558,10,0.5,9.8,"Moving average",10,-1,-1,1.85,40,55,5,50,"0.975",494
"Yolo_bypass_2015_DS_01_B4","","","IsoFish",2017-07-07,"","No","none",4.528966,0.3703288,0.5160026,-0.003992741,0.02660264,-0.005224734,87.3,454,4.5,0.37511,0.52207,0.00038,0.03035,0.00012,0.11512,0.00669,0.05814,8e-05,-1.59003,0.00015,0.37495,0.08268,0.7185,0.70595,5.46246,0.70575,0.706,0.7055,10,0.5,9.8,"Moving average",10,-1,-1,1.85,40,55,5,50,"0.975",494
"Yolo_bypass_2015_DS_01_B4","","","IsoFish",2017-07-07,"","No","none",4.986079,0.4097902,0.5711365,-0.004100864,0.02966708,-0.005205817,87.5,456,5,0.41457,0.5772,0.00027,0.03342,0.00014,0.11562,0.00669,0.05789,5e-05,-1.40015,0.00011,0.41446,0.08302,0.71824,0.70574,6.01727,0.70572,0.70596,0.70548,10,0.5,9.8,"Moving average",10,-1,-1,1.85,40,55,5,50,"0.975",494
"Yolo_bypass_2015_DS_01_B4","","","IsoFish",2017-07-07,"","No","none",4.690923,0.3840834,0.5350468,-0.004241171,0.02757635,-0.005238518,87.7,458,4.7,0.38886,0.54111,0.00013,0.03133,0.00011,0.1152,0.00667,0.05789,3e-05,-1.55783,5e-05,0.38881,0.08278,0.71863,0.70516,5.65829,0.70569,0.7059,0.70548,10,0.5,9.8,"Moving average",10,-1,-1,1.85,40,55,5,50,"0.975",494
"Yolo_bypass_2015_DS_01_B4","","","IsoFish",2017-07-07,"","No","none",4.002178,0.3260702,0.4540382,-0.003644377,0.02315279,-0.005419063,87.9,460,4,0.33085,0.4601,0.00073,0.0269,-7e-05,0.11479,0.00671,0.05847,0.00018,-1.71492,0.00029,0.33056,0.08247,0.71907,0.70554,4.82586,0.70565,0.70585,0.70546,10,0.5,9.8,"Moving average",10,-1,-1,1.85,40,55,5,50,"0.975",494
"Yolo_bypass_2015_DS_01_B4","","","IsoFish",2017-07-07,"","No","none",3.787829,0.3088182,0.4312488,-0.004009043,0.02139806,-0.00511265,88.1,462,3.8,0.3136,0.43731,0.00036,0.02515,0.00023,0.11527,0.00663,0.0575,1e-04,-1.53385,0.00014,0.31345,0.08262,0.71709,0.70523,4.56986,0.70563,0.70581,0.70545,10,0.5,9.8,"Moving average",10,-1,-1,1.85,40,55,5,50,"0.975",494
"Yolo_bypass_2015_DS_01_B4","","","IsoFish",2017-07-07,"","No","none",3.825702,0.3131813,0.4359548,-0.004395064,0.02189609,-0.005215923,88.3,464,3.8,0.31796,0.44202,-2e-05,0.02565,0.00013,0.11535,0.00669,0.05802,-1e-05,-1.5003,-1e-05,0.31797,0.08298,0.71933,0.70541,4.61745,0.70558,0.70575,0.70542,10,0.5,9.8,"Moving average",10,-1,-1,1.85,40,55,5,50,"0.975",494
"Yolo_bypass_2015_DS_01_B4","","","IsoFish",2017-07-07,"","No","none",3.706058,0.3023879,0.4216814,-0.003993346,0.0211067,-0.0053018,88.5,466,3.7,0.30716,0.42775,0.00038,0.02486,4e-05,0.11523,0.0067,0.05811,1e-04,-1.5483,0.00015,0.30701,0.0827,0.7181,0.70577,4.47179,0.70556,0.70573,0.7054,10,0.5,9.8,"Moving average",10,-1,-1,1.85,40,55,5,50,"0.975",494
"Yolo_bypass_2015_DS_01_B4","","","IsoFish",2017-07-07,"","No","none",3.771914,0.3086254,0.4299404,-0.004349491,0.02143878,-0.005253197,88.7,468,3.8,0.3134,0.43601,2e-05,0.02519,9e-05,0.11541,0.00667,0.05777,1e-05,-1.4813,1e-05,0.31339,0.08295,0.7188,0.70602,4.55262,0.70556,0.70573,0.70539,10,0.5,9.8,"Moving average",10,-1,-1,1.85,40,55,5,50,"0.975",494
"Yolo_bypass_2015_DS_01_B4","","","IsoFish",2017-07-07,"","No","none",3.856053,0.315514,0.4395512,-0.003999414,0.0221433,-0.005301716,88.9,470,3.9,0.32029,0.44562,0.00037,0.02589,4e-05,0.11538,0.0067,0.05811,1e-04,-1.49099,0.00015,0.32014,0.08289,0.71876,0.7057,4.65382,0.70549,0.70571,0.70526,10,0.5,9.8,"Moving average",10,-1,-1,1.85,40,55,5,50,"0.975",494
"Yolo_bypass_2015_DS_01_B4","","","IsoFish",2017-07-07,"","No","none",3.490318,0.284334,0.3959785,-0.004169435,0.0193123,-0.005110727,89.1,472,3.5,0.28911,0.40204,2e-04,0.02306,0.00023,0.11499,0.0066,0.05736,6e-05,-1.63955,8e-05,0.28903,0.08266,0.7191,0.70576,4.21057,0.70544,0.70571,0.70516,10,0.5,9.8,"Moving average",10,-1,-1,1.85,40,55,5,50,"0.975",494
"Yolo_bypass_2015_DS_01_B4","","","IsoFish",2017-07-07,"","No","none",3.284973,0.2674432,0.3727503,-0.004267129,0.01829415,-0.00515385,89.3,474,3.3,0.27222,0.37881,1e-04,0.02204,0.00019,0.1151,0.0067,0.05819,3e-05,-1.59543,4e-05,0.27218,0.0827,0.71861,0.70552,3.96413,0.7054,0.70568,0.70512,10,0.5,9.8,"Moving average",10,-1,-1,1.85,40,55,5,50,"0.975",494
"Yolo_bypass_2015_DS_01_B4","","","IsoFish",2017-07-07,"","No","none",2.871906,0.2332475,0.3248557,-0.004032705,0.01534393,-0.00515362,89.5,476,2.9,0.23802,0.33092,0.00034,0.01909,0.00019,0.11498,0.00663,0.0577,0.00012,-1.64135,0.00014,0.23789,0.08266,0.71928,0.70553,3.46593,0.70531,0.7056,0.70503,10,0.5,9.8,"Moving average",10,-1,-1,1.85,40,55,5,50,"0.975",494
"Yolo_bypass_2015_DS_01_B4","","","IsoFish",2017-07-07,"","No","none",2.63344,0.2134559,0.2976114,-0.004375762,0.01374609,-0.005479615,89.7,478,2.6,0.21823,0.30368,0,0.0175,-0.00014,0.11505,0.00663,0.05761,0,-1.61626,0,0.21823,0.08268,0.71864,0.70514,3.17896,0.70528,0.70553,0.70502,10,0.5,9.8,"Moving average",10,-1,-1,1.85,40,55,5,50,"0.975",494
"Yolo_bypass_2015_DS_01_B4","","","IsoFish",2017-07-07,"","No","none",2.211461,0.1784142,0.2478654,-0.004275887,0.01128536,-0.005271186,89.9,480,2.2,0.18319,0.25393,1e-04,0.01503,7e-05,0.11451,0.00678,0.05921,4e-05,-1.82117,4e-05,0.18315,0.08259,0.72142,0.7048,2.6697,0.70533,0.70563,0.70502,10,0.5,9.8,"Moving average",10,-1,-1,1.85,40,55,5,50,"0.975",494
"Yolo_bypass_2015_DS_01_B4","","","IsoFish",2017-07-07,"","No","none",1.817587,0.1453626,0.2029257,-0.004214745,0.008243918,-0.00521295,90.1,482,1.8,0.15014,0.20899,0.00016,0.01199,0.00013,0.1146,0.00658,0.05739,9e-05,-1.78742,6e-05,0.15008,0.08229,0.7184,0.70471,2.19477,0.70541,0.70581,0.70502,10,0.5,9.8,"Moving average",10,-1,-1,1.85,40,55,5,50,"0.975",494
"Yolo_bypass_2015_DS_01_B4","","","IsoFish",2017-07-07,"","No","none",1.522307,0.121182,0.1694041,-0.004319346,0.006356579,-0.005337594,90.3,484,1.5,0.12596,0.17547,5e-05,0.01011,1e-05,0.1148,0.00661,0.0576,3e-05,-1.70884,2e-05,0.12594,0.0824,0.71784,0.70505,1.83994,0.7054,0.7058,0.70501,10,0.5,9.8,"Moving average",10,-1,-1,1.85,40,55,5,50,"0.975",494
"Yolo_bypass_2015_DS_01_B4","","","IsoFish",2017-07-07,"","No","none",1.278774,0.1012686,0.1413192,-0.004282834,0.00471256,-0.005409733,90.5,486,1.3,0.10605,0.14738,9e-05,0.00846,-7e-05,0.11471,0.00659,0.05742,7e-05,-1.74616,4e-05,0.10601,0.08251,0.71952,0.7049,1.54675,0.70539,0.70578,0.70499,10,0.5,9.8,"Moving average",10,-1,-1,1.85,40,55,5,50,"0.975",494
"Yolo_bypass_2015_DS_01_B4","","","IsoFish",2017-07-07,"","No","none",1.09193,0.08600514,0.1198727,-0.00457724,0.003569616,-0.005286923,90.7,488,1.1,0.09078,0.12594,-0.00021,0.00732,6e-05,0.11469,0.00667,0.05812,-0.00019,-1.75117,-8e-05,0.09086,0.08275,0.72085,0.70569,1.32217,0.70542,0.70582,0.70503,10,0.5,9.8,"Moving average",10,-1,-1,1.85,40,55,5,50,"0.975",494
"Yolo_bypass_2015_DS_01_B4","","","IsoFish",2017-07-07,"","No","none",0.7370607,0.05648927,0.07873937,-0.004232706,0.001147975,-0.005354416,91.1,492,0.7,0.06127,0.0848,0.00014,0.0049,-1e-05,0.11411,0.00659,0.05775,0.00019,-1.97267,6e-05,0.06121,0.08236,0.72245,0.70619,0.89409,0.70553,0.70592,0.70513,10,0.5,9.8,"Moving average",10,-1,-1,1.85,40,55,5,50,"0.975",494
"Yolo_bypass_2015_DS_01_B4","","","IsoFish",2017-07-07,"","No","none",0.7108054,0.05469677,0.07652569,-0.004388026,0.001142377,-0.005310237,91.3,494,0.7,0.05947,0.08259,-2e-05,0.00489,3e-05,0.1152,0.00682,0.05923,-2e-05,-1.55837,-1e-05,0.05948,0.08297,0.72011,0.70662,0.86389,0.70569,0.70608,0.7053,10,0.5,9.8,"Moving average",10,-1,-1,1.85,40,55,5,50,"0.975",494
